State,Portfolio,Status,Budget type,Budget(USD),Budget start,Budget end,Campaign count,Impressions,Clicks,CTR,Spend(USD),CPC(USD),Orders,Sales(USD),ACOS,ROAS,NTB orders,% of orders NTB,NTB sales(USD),% of sales NTB,Viewable impressions,VCPM(USD)
,x B0DK16ZQYT_ORNAMENT_THE LIGHT REMAINS CERAMIC,PORTFOLIO_STATUS_ENABLED,NO_CAP,,,,,9700,110,0.0113,269.57,2.45,1,7.99,33.7384,0.0296,0,0,0.00,0,0,0.00
,x B0D72LVLCF_ORNAMENT_HAPPY ANNIVERSARY - 50 YEARS OF BEING MR. RIGHT/ MRS ALWAYS RIGHT,PORTFOLIO_STATUS_ENABLED,NO_CAP,,,,,44271,123,0.0028,525.07,4.27,5,34.95,15.0235,0.0666,0,0,0.00,0,0,0.00
,x B0CZL938RN_HAT_TRUCKER HAT 1959,PORTFOLIO_STATUS_ENABLED,NO_CAP,,,,,104433,148,0.0014,499.95,3.38,2,33.96,14.7217,0.0679,0,0,0.00,0,0,0.00
,Launching_B0FC6DJMD9_CARD_MOM BIRTHDAY_THILE,PORTFOLIO_STATUS_ENABLED,NO_CAP,,,,,1981,31,0.0156,55.02,1.77,1,5.99,9.1853,0.1089,0,0,0.00,0,0,0.00
,SPONSORED DISPLAY,PORTFOLIO_STATUS_ENABLED,NO_CAP,,,,,3850443,2644,0.0007,5040.68,1.91,33,606.21,8.3151,0.1203,0,0,0.00,0,0,0.00
,launching B0FCLHRJ36_CROCHET_SUNFLOWER CROCHET Linh,PORTFOLIO_STATUS_ENABLED,NO_CAP,,,,,4383,40,0.0091,106.74,2.67,1,12.98,8.2234,0.1216,0,0,0.00,0,0,0.00
,x B0DJYC1HGM_ORNAMENT_ALL HEART COME HOME CERAMIC,PORTFOLIO_STATUS_ENABLED,NO_CAP,,,,,126762,143,0.0011,324.69,2.27,4,39.95,8.1274,0.123,0,0,0.00,0,0,0.00
,x B0DJYBK9N1_ORNAMENT_THE SKY LOOKS DIFFERENCE CERAMIC,PORTFOLIO_STATUS_ENABLED,NO_CAP,,,,,25671,198,0.0077,454.33,2.29,8,59.90,7.5848,0.1318,0,0,0.00,0,0,0.00
,x B0D7N2F66T_ORNAMENT_50 YEARS OF LOVE CERAMIC,PORTFOLIO_STATUS_ENABLED,NO_CAP,,,,,99441,469,0.0047,1737.89,3.71,26,249.74,6.9588,0.1437,0,0,0.00,0,0,0.00
,x B0D7HNDG8Y_ORNAMENT_25 YEARS OF MARRIAGE,PORTFOLIO_STATUS_ENABLED,NO_CAP,,,,,53874,213,0.004,781.04,3.67,15,144.65,5.3995,0.1852,0,0,0.00,0,0,0.00
,x B0B5T5DP6Y_CANDLE_OUR FRIENDSHIP,PORTFOLIO_STATUS_ENABLED,NO_CAP,,,,,76337,311,0.0041,858.15,2.76,8,163.84,5.2377,0.1909,0,0,0.00,0,0,0.00
,Launching_B0FC5MVV3Q_CARD_HAPPY BIRTHDAY_TRINH,PORTFOLIO_STATUS_ENABLED,NO_CAP,,,,,45482,283,0.0062,490.35,1.73,16,95.84,5.1163,0.1955,0,0,0.00,0,0,0.00
,B0DR1SNKVX_ORNAMENT_ENGAGED RING BOX 2025 GLASS_Linh,PORTFOLIO_STATUS_ENABLED,NO_CAP,,,,,96348,772,0.008,2877.32,3.73,83,589.17,4.8837,0.2048,0,0,0.00,0,0,0.00
,x B0D9VKTY47_ORNAMENT_YOU WILL ALWAYS BE THE FIRST THING,PORTFOLIO_STATUS_ENABLED,NO_CAP,,,,,47996,251,0.0052,414.11,1.65,10,87.90,4.7111,0.2123,0,0,0.00,0,0,0.00
,launching B0FC5W1QX7_CARD_MOST BOSS ARE THE PRETTY SHIT_NGAN,PORTFOLIO_STATUS_ENABLED,NO_CAP,,,,,30765,261,0.0085,489.23,1.87,19,111.81,4.3755,0.2285,0,0,0.00,0,0,0.00
,x B0C6DKJ9HP_HAT_TRUCKER HAT 1963,PORTFOLIO_STATUS_ENABLED,NO_CAP,,,,,576172,478,0.0008,837.03,1.75,13,191.74,4.3654,0.2291,0,0,0.00,0,0,0.00
,x B0CWNTB4ZP_WINE GLASS_I'M GETTING MEOWIED,PORTFOLIO_STATUS_ENABLED,NO_CAP,,,,,246845,905,0.0037,3442.76,3.80,44,799.13,4.3081,0.2321,0,0,0.00,0,0,0.00
,x B0CJLNJYVQ_TOTE BAG_COOL SISTER CLUB,PORTFOLIO_STATUS_ENABLED,NO_CAP,,,,,177452,419,0.0024,1779.01,4.25,20,429.52,4.1419,0.2414,0,0,0.00,0,0,0.00
,x B0CZLB14XY_HAT_TRUCKER HAT 1934,PORTFOLIO_STATUS_ENABLED,NO_CAP,,,,,587955,566,0.001,1072.35,1.89,12,261.74,4.097,0.2441,0,0,0.00,0,0,0.00
,"Launching_B0FC6CL2XN_CARD_THANK YOU FOR LISTENING, FOR GUIDANCE_THILE",PORTFOLIO_STATUS_ENABLED,NO_CAP,,,,,39903,185,0.0046,359.15,1.94,8,92.82,3.8693,0.2584,0,0,0.00,0,0,0.00
,x B0CZL9FZVB_HAT_TRUCKER HAT 1949,PORTFOLIO_STATUS_ENABLED,NO_CAP,,,,,117931,170,0.0014,625.56,3.68,10,164.81,3.7956,0.2635,0,0,0.00,0,0,0.00
,x B0DJY8QZG2_ORNAMENT_NO LONGER LIVING IN SIN GLASS,PORTFOLIO_STATUS_ENABLED,NO_CAP,,,,,20169,119,0.0059,298.97,2.51,9,83.91,3.563,0.2807,0,0,0.00,0,0,0.00
,B0D7HN2MM5_ORNAMENT_50 YEARS OF MARRIAGE,PORTFOLIO_STATUS_ENABLED,NO_CAP,,,,,38983,307,0.0079,1281.16,4.17,35,367.62,3.485,0.2869,0,0,0.00,0,0,0.00
,"launching B0FC6CNPQK_CARD_THIS ISN'T A ""THANK YOU"" NOTE Linh",PORTFOLIO_STATUS_ENABLED,NO_CAP,,,,,21690,194,0.0089,341.51,1.76,15,99.80,3.4219,0.2922,0,0,0.00,0,0,0.00
,x B0C5CCB86Q_HAT_TRUCKER HAT DAD EST 2023,PORTFOLIO_STATUS_ENABLED,NO_CAP,,,,,102288,516,0.005,2056.29,3.99,34,622.43,3.3036,0.3027,0,0,0.00,0,0,0.00
,B0DQ56WTWZ_SELF STIRRING MUG_YOURE THE BEST THING BLACK_Linh,PORTFOLIO_STATUS_ENABLED,NO_CAP,,,,,239360,2262,0.0095,5108.51,2.26,112,1632.31,3.1296,0.3195,0,0,0.00,0,0,0.00
,x B0D7MZF4BS_ORNAMENT_MERRY & MARRIED EST. 2024 ACRYLIC,PORTFOLIO_STATUS_ENABLED,NO_CAP,,,,,197952,750,0.0038,2476.03,3.30,89,864.10,2.8654,0.349,0,0,0.00,0,0,0.00
,x B0CZDSYWNZ_HAT_TRUCKER HAT 1964,PORTFOLIO_STATUS_ENABLED,NO_CAP,,,,,285454,376,0.0013,1378.93,3.67,28,495.30,2.784,0.3592,0,0,0.00,0,0,0.00
,launching B0FC62VRRC_CARD_LET'S BE FRIEND_NGAN,PORTFOLIO_STATUS_ENABLED,NO_CAP,,,,,37340,438,0.0117,578.79,1.32,33,208.65,2.774,0.3605,0,0,0.00,0,0,0.00
,B0DQ59YSW3_SELF STIRRING MUG_YOU ARE AWESOME BLACK_NGAN,PORTFOLIO_STATUS_ENABLED,NO_CAP,,,,,177997,2032,0.0114,3795.20,1.87,92,1374.50,2.7611,0.3622,0,0,0.00,0,0,0.00
,x B0B6FX8JQW_CANDLE_HAPPY BIRTHDAY DEAR FRIEND,PORTFOLIO_STATUS_ENABLED,NO_CAP,,,,,189825,588,0.0031,1817.08,3.09,32,666.36,2.7269,0.3667,0,0,0.00,0,0,0.00
,x B0BKL8FYZJ_CANDLE_DAD UGLY,PORTFOLIO_STATUS_ENABLED,NO_CAP,,,,,366705,1897,0.0052,5199.20,2.74,115,1921.56,2.7057,0.3696,0,0,0.00,0,0,0.00
,B0F184GZ28_TUMBLER 20_BOYFRIEND TRUMP LOSER BLACK_Linh,PORTFOLIO_STATUS_ENABLED,NO_CAP,,,,,48830,321,0.0066,806.09,2.51,21,302.60,2.6639,0.3754,0,0,0.00,0,0,0.00
,x B0CZDSJ39M_HAT_TRUCKER HAT 1954,PORTFOLIO_STATUS_ENABLED,NO_CAP,,,,,234458,320,0.0014,1080.31,3.38,20,405.58,2.6636,0.3754,0,0,0.00,0,0,0.00
,x B0D7HLCDZB_ORNAMENT_60 YEARS OF MARRIAGE,PORTFOLIO_STATUS_ENABLED,NO_CAP,,,,,84498,202,0.0024,739.55,3.66,22,278.44,2.656,0.3765,0,0,0.00,0,0,0.00
,x B0F5B2XGXM_CARD_LIKE FATHER LIKE DAUGHTER OH CRAP_Linh,PORTFOLIO_STATUS_ENABLED,NO_CAP,,,,,62603,392,0.0063,383.57,0.98,16,145.02,2.6449,0.3781,0,0,0.00,0,0,0.00
,x B0DQ8L1DQW_ORNAMENT_50 & FABULOUS 1975 GLASS_Linh,PORTFOLIO_STATUS_ENABLED,NO_CAP,,,,,41203,466,0.0113,822.02,1.76,35,315.61,2.6045,0.3839,0,0,0.00,0,0,0.00
,x B0B7HV2LGY_CANDLE_SISTER WALK THROUGH,PORTFOLIO_STATUS_ENABLED,NO_CAP,,,,,153509,1028,0.0067,2834.38,2.76,51,1097.90,2.5816,0.3874,0,0,0.00,0,0,0.00
,launching B0FC6DL8X8_CARD_WISHING YOU A LIFETIME OF HAPPINESS_NGAN,PORTFOLIO_STATUS_ENABLED,NO_CAP,,,,,28661,326,0.0114,475.79,1.46,29,185.69,2.5623,0.3903,0,0,0.00,0,0,0.00
,x B0DJT47X1F_ORNAMENT_MY 1ST CHRISTMAS PHOTO FRAME ACRYLIC,PORTFOLIO_STATUS_ENABLED,NO_CAP,,,,,149187,487,0.0033,957.80,1.97,42,377.56,2.5368,0.3942,0,0,0.00,0,0,0.00
,x B0B2WG2K43_TUMBLER 12_YOU ARE AWESOME ROSE GOLD,PORTFOLIO_STATUS_ENABLED,NO_CAP,,,,,216740,252,0.0012,579.44,2.30,11,230.78,2.5108,0.3983,0,0,0.00,0,0,0.00
,B0F17GLNKP_TUMBLER 20_UNCLE TRUMP LOSER BLACK_Linh,PORTFOLIO_STATUS_ENABLED,NO_CAP,,,,,72716,279,0.0038,851.67,3.05,22,342.55,2.4863,0.4022,0,0,0.00,0,0,0.00
,B0D739JLH2_ORNAMENT_DIFFERENCE MAKER,PORTFOLIO_STATUS_ENABLED,NO_CAP,,,,,158633,923,0.0058,2283.07,2.47,76,920.81,2.4794,0.4033,0,0,0.00,0,0,0.00
,x B0CYSCBGQ9_CANDLE_OMG! YOU'RE ENGAGED!,PORTFOLIO_STATUS_ENABLED,NO_CAP,,,,,245337,688,0.0028,3218.32,4.68,79,1306.42,2.4635,0.4059,0,0,0.00,0,0,0.00
,B0DRT2D2ZB_ORNAMENT_THE YEAR WE BECAME MR & MRS 2025 GLASS_Linh,PORTFOLIO_STATUS_ENABLED,NO_CAP,,,,,779363,6601,0.0085,11400.73,1.73,633,4655.08,2.4491,0.4083,0,0,0.00,0,0,0.00
,B0F17N58SN_TUMBLER 20_HUSBAND TRUMP LOSER BLACK_Linh,PORTFOLIO_STATUS_ENABLED,NO_CAP,,,,,111855,793,0.0071,2358.47,2.97,55,999.88,2.3588,0.424,0,0,0.00,0,0,0.00
,B0DJT5JM6T_ORNAMENT_NO LONGER BY MY SIDE ACRYLIC_Linh,PORTFOLIO_STATUS_ENABLED,NO_CAP,,,,,54878,294,0.0054,619.13,2.11,35,265.56,2.3314,0.4289,0,0,0.00,0,0,0.00
,launching B0FC6CY15S_CARD_HAPPY BIRTHDAY CAT MOM_NGAN,PORTFOLIO_STATUS_ENABLED,NO_CAP,,,,,6851,50,0.0073,96.63,1.93,7,41.93,2.3046,0.4339,0,0,0.00,0,0,0.00
,Launching_B0FC69R4PK_CARD_A WISE PERSON ONCE SAID_THILE,PORTFOLIO_STATUS_ENABLED,NO_CAP,,,,,6143,38,0.0062,54.98,1.45,4,23.96,2.2947,0.4358,0,0,0.00,0,0,0.00
,x B0DK11YM64_ORNAMENT_HAPPY 40TH BIRTHDAY CERAMIC,PORTFOLIO_STATUS_ENABLED,NO_CAP,,,,,63098,194,0.0031,402.20,2.07,17,177.82,2.2618,0.4421,0,0,0.00,0,0,0.00
,x B0CC5BG2JQ_COFFEE GLASS_WHENEVER YOU FEEL DAUGHTER,PORTFOLIO_STATUS_ENABLED,NO_CAP,,,,,104519,946,0.0091,1620.12,1.71,45,721.95,2.2441,0.4456,0,0,0.00,0,0,0.00
,x B0DJYCPNR6_ORNAMENT_GOD BLESS CERAMIC,PORTFOLIO_STATUS_ENABLED,NO_CAP,,,,,44493,97,0.0022,282.11,2.91,10,125.87,2.2413,0.4462,0,0,0.00,0,0,0.00
,launching B0FC65ZB93_CARD_WE WOULDN'T BE THE TEAM Linh,PORTFOLIO_STATUS_ENABLED,NO_CAP,,,,,16747,292,0.0174,505.15,1.73,42,227.56,2.2199,0.4505,0,0,0.00,0,0,0.00
,B0DJY9BWQ4_ORNAMENT_GODMOTHER GLASS,PORTFOLIO_STATUS_ENABLED,NO_CAP,,,,,18900,197,0.0104,434.09,2.20,18,200.79,2.1619,0.4626,0,0,0.00,0,0,0.00
,x B0DFBYSQTQ_FIGURINE_RETIREMENT NEVER UNDERESTIMATE,PORTFOLIO_STATUS_ENABLED,NO_CAP,,,,,54069,470,0.0087,1055.88,2.25,28,490.37,2.1532,0.4644,0,0,0.00,0,0,0.00
,x B0DFBX61CJ_CANDLE_ONE YEAR LATER ANNIVERSARY,PORTFOLIO_STATUS_ENABLED,NO_CAP,,,,,78667,274,0.0035,704.73,2.57,22,327.61,2.1511,0.4649,0,0,0.00,0,0,0.00
,x B0CHJ2B24X_TUMBLER 20_NURSE + NURSE NUTRITION WHITE,PORTFOLIO_STATUS_ENABLED,NO_CAP,,,,,285086,1396,0.0049,2651.67,1.90,71,1233.42,2.1499,0.4651,0,0,0.00,0,0,0.00
,B0DBQ2YF28_GAMECARD_DATE NIGHT DELIGHTS_Linh,PORTFOLIO_STATUS_ENABLED,NO_CAP,,,,,415921,1947,0.0047,3774.34,1.94,155,1773.70,2.1279,0.4699,0,0,0.00,0,0,0.00
,x B0B6FLPLFM_CANDLE_YOURE BEST THING INTERNET,PORTFOLIO_STATUS_ENABLED,NO_CAP,,,,,400256,930,0.0023,2677.22,2.88,64,1262.73,2.1202,0.4717,0,0,0.00,0,0,0.00
,B0F59VGXBY_CARD_YOU'RE THE KIND OF DAD_Linh,PORTFOLIO_STATUS_ENABLED,NO_CAP,,,,,166469,745,0.0045,868.96,1.17,51,415.07,2.0935,0.4777,0,0,0.00,0,0,0.00
,B0DXVPDSJK_TUMBLER 20_MOM TRUMP LOSER_Linh,PORTFOLIO_STATUS_ENABLED,NO_CAP,,,,,1778050,11715,0.0066,32802.57,2.80,1141,15796.24,2.0766,0.4816,0,0,0.00,0,0,0.00
,B0F17F23MZ_TUMBLER 20_DAD TRUMP LOSER NAVY_Linh,PORTFOLIO_STATUS_ENABLED,NO_CAP,,,,,1594256,5267,0.0033,12165.28,2.31,476,5973.10,2.0367,0.491,0,0,0.00,0,0,0.00
,B0DQ42YY8T_CARD_A YEAR OF PROMISES_Linh,PORTFOLIO_STATUS_ENABLED,NO_CAP,,,,,496518,3541,0.0071,9588.66,2.71,243,4756.88,2.0157,0.4961,0,0,0.00,0,0,0.00
,x B0DLWJBK3Y_ORNAMENT_IN MY WIFEY ERA CERAMIC_Linh,PORTFOLIO_STATUS_ENABLED,NO_CAP,,,,,53693,95,0.0018,234.65,2.47,13,116.87,2.0078,0.4981,0,0,0.00,0,0,0.00
,B0DJY9X9SX_ORNAMENT_BE THERE FOR YOU CERAMIC_Linh,PORTFOLIO_STATUS_ENABLED,NO_CAP,,,,,52225,472,0.009,890.11,1.89,47,444.43,2.0028,0.4993,0,0,0.00,0,0,0.00
,x B0DJYD9JSW_ORNAMENT_CARRIED FOR A MOMENT CERAMIC,PORTFOLIO_STATUS_ENABLED,NO_CAP,,,,,34808,314,0.009,661.25,2.11,42,330.56,2.0004,0.4999,0,0,0.00,0,0,0.00
,Launching_B0FC69Q8BS_CARD_RETIREMENT IS YOUR TIME_THILE,PORTFOLIO_STATUS_ENABLED,NO_CAP,,,,,2162,70,0.0324,117.75,1.68,10,58.90,1.9992,0.5002,0,0,0.00,0,0,0.00
,x B0CZDPZ81T_HAT_TRUCKER HAT 1944,PORTFOLIO_STATUS_ENABLED,NO_CAP,,,,,220056,280,0.0013,989.78,3.53,19,499.42,1.9819,0.5046,0,0,0.00,0,0,0.00
,x B0DK14FZT1_ORNAMENT_THE LOSS IS IMMEASURABLE CERAMIC,PORTFOLIO_STATUS_ENABLED,NO_CAP,,,,,26867,239,0.0089,493.04,2.06,35,253.55,1.9445,0.5143,0,0,0.00,0,0,0.00
,launching B0FC5Q3KVJ_CARD_THANK YOU FOR FEEDING ME_NGAN,PORTFOLIO_STATUS_ENABLED,NO_CAP,,,,,72216,453,0.0063,675.25,1.49,59,347.41,1.9437,0.5145,0,0,0.00,0,0,0.00
,launching B0FC5SSDXK_CARD_HERE'S TO ANOTHER YEAR Linh,PORTFOLIO_STATUS_ENABLED,NO_CAP,,,,,42135,664,0.0158,1032.21,1.55,95,533.05,1.9364,0.5164,0,0,0.00,0,0,0.00
,B0DVSJLHZN_BIBLE JAR_TEACHER NGAN,PORTFOLIO_STATUS_ENABLED,NO_CAP,,,,,66500,1072,0.0161,2379.98,2.22,40,1230.34,1.9344,0.517,0,0,0.00,0,0,0.00
,x B0B6FQ1KXG_CANDLE_GOODBYE HELLO PENSION,PORTFOLIO_STATUS_ENABLED,NO_CAP,,,,,157386,414,0.0026,1266.38,3.06,32,654.76,1.9341,0.517,0,0,0.00,0,0,0.00
,x B0DLVSRZ33_ORNAMENT_A WISE WOMAN GLASS,PORTFOLIO_STATUS_ENABLED,NO_CAP,,,,,24282,168,0.0069,401.20,2.39,20,207.80,1.9307,0.5179,0,0,0.00,0,0,0.00
,x B09JBPZV8Y_TUMBLER 20_MOTIVATION WHITE,PORTFOLIO_STATUS_ENABLED,NO_CAP,,,,,331866,1757,0.0053,2426.10,1.38,68,1258.60,1.9276,0.5188,0,0,0.00,0,0,0.00
,x B0DH7VZ4CY_ORNAMENT_YEAR IN REVIEW 2024,PORTFOLIO_STATUS_ENABLED,NO_CAP,,,,,14102,160,0.0113,315.92,1.97,17,165.45,1.9095,0.5237,0,0,0.00,0,0,0.00
,x B0DJW1FSJ7_ORNAMENT_FRIENDSHIPS MAY START AT THE WORKPLACE CERAMIC,PORTFOLIO_STATUS_ENABLED,NO_CAP,,,,,89810,342,0.0038,657.78,1.92,28,345.30,1.905,0.5249,0,0,0.00,0,0,0.00
,launching B0FC5XL613_CARD_DOING YOUR JOB SOBER Linh,PORTFOLIO_STATUS_ENABLED,NO_CAP,,,,,18417,287,0.0156,428.21,1.49,41,228.57,1.8734,0.5338,0,0,0.00,0,0,0.00
,"B0F59Y459Y_CARD_DAD, THERE'S NO TRAINING MANUAL FOR BEING A DAD_Linh",PORTFOLIO_STATUS_ENABLED,NO_CAP,,,,,62408,611,0.0098,729.17,1.19,46,392.93,1.8557,0.5389,0,0,0.00,0,0,0.00
,launching B0FC68NMQ2_CARD_NEW ADVENTURES & EXCITING TIMES Linh,PORTFOLIO_STATUS_ENABLED,NO_CAP,,,,,36768,437,0.0119,638.97,1.46,53,345.42,1.8498,0.5406,0,0,0.00,0,0,0.00
,Launching_B0FC6DMH5L_CARD_RETIREMENT UNDER NEW MANAGEMENT_THILE,PORTFOLIO_STATUS_ENABLED,NO_CAP,,,,,15494,262,0.0169,455.11,1.74,36,248.62,1.8305,0.5463,0,0,0.00,0,0,0.00
,x B0C5CF12F1_HAT_TRUCKER HAT PAPA,PORTFOLIO_STATUS_ENABLED,NO_CAP,,,,,258320,953,0.0037,3571.84,3.75,113,1968.70,1.8143,0.5512,0,0,0.00,0,0,0.00
,B0CDLQFJK6_TUMBLER 20_YOU ARE AWESOME NAVY_THILE,PORTFOLIO_STATUS_ENABLED,NO_CAP,,,,,41352,76,0.0018,155.58,2.05,5,86.20,1.8049,0.5541,0,0,0.00,0,0,0.00
,x B0B5XHNWN4_CANDLE_I COULD TAKE YOUR PAIN,PORTFOLIO_STATUS_ENABLED,NO_CAP,,,,,280618,1260,0.0045,3569.78,2.83,106,1991.92,1.7921,0.558,0,0,0.00,0,0,0.00
,x B08R8T179Q_APRON_GRILLMASTER,PORTFOLIO_STATUS_ENABLED,NO_CAP,,,,,419154,2104,0.005,2014.04,0.96,94,1136.06,1.7728,0.5641,0,0,0.00,0,0,0.00
,B0F8VPS7QN_BIBLE JAR_FRIEND_THILE,PORTFOLIO_STATUS_ENABLED,NO_CAP,,,,,62364,1271,0.0204,3070.35,2.42,103,1757.61,1.7469,0.5724,0,0,0.00,0,0,0.00
,B0CRKZBFDF_TUMBLER 20_DADDYSAURUS + DAD NUTRITION NAVY,PORTFOLIO_STATUS_ENABLED,NO_CAP,,,,,557957,2047,0.0037,5326.02,2.60,166,3093.76,1.7215,0.5809,0,0,0.00,0,0,0.00
,x B0C5J7B5C5_BEER CAN_VINTAGE 1973,PORTFOLIO_STATUS_ENABLED,NO_CAP,,,,,231798,851,0.0037,2507.10,2.95,95,1466.01,1.7102,0.5847,0,0,0.00,0,0,0.00
,x B0CSPDT7PB_TUMBLER 20_BROTHER + BROTHER NUTRITION BLACK,PORTFOLIO_STATUS_ENABLED,NO_CAP,,,,,358522,1360,0.0038,3324.10,2.44,101,1947.94,1.7065,0.586,0,0,0.00,0,0,0.00
,x B0DK11YCP5_ORNAMENT_STRAIGHT OUTTA HOLY WATER CERAMIC,PORTFOLIO_STATUS_ENABLED,NO_CAP,,,,,37742,255,0.0068,522.92,2.05,38,310.60,1.6836,0.594,0,0,0.00,0,0,0.00
,launching B0FC6FNMMD_CARD_MAY THE REST OF YOUR LIVES Linh,PORTFOLIO_STATUS_ENABLED,NO_CAP,,,,,68726,787,0.0115,1079.18,1.37,108,641.87,1.6813,0.5948,0,0,0.00,0,0,0.00
,x B0D5392VYX_HAT_TRUCKER HAT 1984,PORTFOLIO_STATUS_ENABLED,NO_CAP,,,,,262105,673,0.0026,2504.72,3.72,76,1495.44,1.6749,0.597,0,0,0.00,0,0,0.00
,B0F17BH4MM_TUMBLER 20_BROTHER TRUMP LOSER BLACK_Linh,PORTFOLIO_STATUS_ENABLED,NO_CAP,,,,,58960,404,0.0069,1124.80,2.78,43,682.31,1.6485,0.6066,0,0,0.00,0,0,0.00
,x B0B8D46PLX_WINE GLASS_VINTAGE 2001,PORTFOLIO_STATUS_ENABLED,NO_CAP,,,,,294013,1227,0.0042,3765.32,3.07,120,2287.56,1.646,0.6075,0,0,0.00,0,0,0.00
,B0F59PXL1F_CARD_DAD TRUMP_Linh,PORTFOLIO_STATUS_ENABLED,NO_CAP,,,,,602653,3388,0.0056,5718.34,1.69,492,3583.42,1.5958,0.6267,0,0,0.00,0,0,0.00
,x B0BRCBT14P_COFFEE GLASS_MY SISTER HAS AN AWESOME SISTER TRUE STORY,PORTFOLIO_STATUS_ENABLED,NO_CAP,,,,,379364,2535,0.0067,4487.05,1.77,178,2817.01,1.5928,0.6278,0,0,0.00,0,0,0.00
,x B0D5YGB4KV_COFFEE GLASS_WITCHES BREW DRINK CO.,PORTFOLIO_STATUS_ENABLED,NO_CAP,,,,,225755,1204,0.0053,2499.07,2.08,108,1581.29,1.5804,0.6328,0,0,0.00,0,0,0.00
,x B0DJY86YHR_ORNAMENT_CHANCE MADE US NEIGHBORS CERAMIC,PORTFOLIO_STATUS_ENABLED,NO_CAP,,,,,81911,224,0.0027,419.65,1.87,21,268.65,1.5621,0.6402,0,0,0.00,0,0,0.00
,x B0DK2YP1FB_ORNAMENT_GROW AN OLD FRIEND CERAMIC_Linh,PORTFOLIO_STATUS_ENABLED,NO_CAP,,,,,146665,872,0.0059,1507.01,1.73,74,966.56,1.5591,0.6414,0,0,0.00,0,0,0.00
,B0FBRBL1CQ_BIBLE JAR_AUNT_NGAN,PORTFOLIO_STATUS_ENABLED,NO_CAP,,,,,99997,1344,0.0134,3173.30,2.36,137,2051.15,1.5471,0.6464,0,0,0.00,0,0,0.00
,Launching_B0FC65Z1KQ_CARD_DOG LICKED ENVELOPE_THILE,PORTFOLIO_STATUS_ENABLED,NO_CAP,,,,,21467,168,0.0078,294.76,1.75,31,190.69,1.5458,0.6469,0,0,0.00,0,0,0.00
,x B0DJXTHGW2_ORNAMENT_COWORKERS ARE LIKE CHRISTMAS LIGHTS CERAMIC,PORTFOLIO_STATUS_ENABLED,NO_CAP,,,,,60378,595,0.0099,863.75,1.45,41,565.17,1.5283,0.6543,0,0,0.00,0,0,0.00
,B0D6144Q48_ORNAMENT_ HAPPY NEW HOME_Linh,PORTFOLIO_STATUS_ENABLED,NO_CAP,,,,,796396,5076,0.0064,10876.62,2.14,668,7136.82,1.524,0.6562,0,0,0.00,0,0,0.00
,B0DWMZXCZP_COFFEE GLASS_GRADUATION TASSEL HASSLE_THILE,PORTFOLIO_STATUS_ENABLED,NO_CAP,,,,,203329,2166,0.0107,4446.08,2.05,212,2994.21,1.4849,0.6734,0,0,0.00,0,0,0.00
,B0F59XTYB6_CARD_AN IMPORTANT PIECE DAD_Linh,PORTFOLIO_STATUS_ENABLED,NO_CAP,,,,,148429,529,0.0036,606.75,1.15,48,409.52,1.4816,0.6749,0,0,0.00,0,0,0.00
,B0F59ZP32J_CARD_THANKS FOR WIPING MY STUFF_Linh,PORTFOLIO_STATUS_ENABLED,NO_CAP,,,,,99152,691,0.007,789.67,1.14,65,534.74,1.4767,0.6772,0,0,0.00,0,0,0.00
,B0D3HQMRR6_TUMBLER 20_A WELL READ WOMAN WHITE,PORTFOLIO_STATUS_ENABLED,NO_CAP,,,,,242291,1028,0.0042,2257.21,2.20,90,1536.16,1.4694,0.6806,0,0,0.00,0,0,0.00
,launching B0FC6158DB_CARD_A BEST FRIEND RARE TO FIND Linh,PORTFOLIO_STATUS_ENABLED,NO_CAP,,,,,75868,667,0.0088,945.58,1.42,95,644.99,1.466,0.6821,0,0,0.00,0,0,0.00
,x B0BHVNXNYL_COFFEE GLASS_COFFEE_Linh,PORTFOLIO_STATUS_ENABLED,NO_CAP,,,,,649908,3231,0.005,3079.14,0.95,108,2101.70,1.4651,0.6826,0,0,0.00,0,0,0.00
,B0F17MLPQ4_TUMBLER 20_GRANDPA TRUMP LOSER NAVY_Linh,PORTFOLIO_STATUS_ENABLED,NO_CAP,,,,,272438,996,0.0037,2736.19,2.75,134,1891.87,1.4463,0.6914,0,0,0.00,0,0,0.00
,x B0CFQ5LVGV_TUMBLER 20_BOSS LADY + BOSS NUTRITION WHITE,PORTFOLIO_STATUS_ENABLED,NO_CAP,,,,,272349,1949,0.0072,3037.78,1.56,163,2112.82,1.4378,0.6955,0,0,0.00,0,0,0.00
,x B0D5ZVC8SM_ORNAMENT_YOU MAKE A DIFFERENCE APPRECIATED,PORTFOLIO_STATUS_ENABLED,NO_CAP,,,,,306253,2933,0.0096,4847.15,1.65,244,3373.24,1.4369,0.6959,0,0,0.00,0,0,0.00
,B0DYJ45P7Q_HAT_GIRL DAD SUPER HERO BLACK_Linh,PORTFOLIO_STATUS_ENABLED,NO_CAP,,,,,735403,2524,0.0034,7103.98,2.81,275,5008.09,1.4185,0.705,0,0,0.00,0,0,0.00
,B0DK14C5XC_ORNAMENT_A GOOD FRIEND IS LIKE A GOOD BRA CERAMIC_Linh,PORTFOLIO_STATUS_ENABLED,NO_CAP,,,,,100706,890,0.0088,1432.27,1.61,79,1010.84,1.4169,0.7058,0,0,0.00,0,0,0.00
,x B0B2JFV9YP_CANDLE_NEIGHBOR AREN'T WEIRDOS,PORTFOLIO_STATUS_ENABLED,NO_CAP,,,,,609988,2893,0.0047,7113.02,2.46,253,5045.92,1.4097,0.7094,0,0,0.00,0,0,0.00
,B0DK15B6KL_ORNAMENT_RELIGIOUS CHRISTMAS CERAMIC_Linh,PORTFOLIO_STATUS_ENABLED,NO_CAP,,,,,222427,797,0.0036,1243.14,1.56,83,892.80,1.3924,0.7182,0,0,0.00,0,0,0.00
,x B0CZDN36VK_TUMBLER 20_DEAR DAD GREAT JOB WE'RE AWESOME THANK YOU BLACK,PORTFOLIO_STATUS_ENABLED,NO_CAP,,,,,1019393,1076,0.0011,3573.24,3.32,148,2591.89,1.3786,0.7254,0,0,0.00,0,0,0.00
,B0DVSKBSWN_BIBLE JAR_DAD_Linh,PORTFOLIO_STATUS_ENABLED,NO_CAP,,,,,6151151,48605,0.0079,95681.02,1.97,4015,69605.97,1.3746,0.7275,0,0,0.00,0,0,0.00
,x B0CBJQHG8B_COFFEE GLASS_FLOWER COLOR CHANGING,PORTFOLIO_STATUS_ENABLED,NO_CAP,,,,,620689,2809,0.0045,2347.30,0.84,87,1745.67,1.3446,0.7437,0,0,0.00,0,0,0.00
,B0F2T9H9W8_CARD_MY FAVORITE CHILD GAVE ME THIS CARD_Linh,PORTFOLIO_STATUS_ENABLED,NO_CAP,,,,,106928,165,0.0015,207.72,1.26,20,154.77,1.3421,0.7451,0,0,0.00,0,0,0.00
,x B0C2TBXN53_COFFEE GLASS_CONGRATULATION ON PURSUING YOUR DREAM,PORTFOLIO_STATUS_ENABLED,NO_CAP,,,,,299490,1058,0.0035,2129.11,2.01,92,1595.17,1.3347,0.7492,0,0,0.00,0,0,0.00
,B0CYSGX6DF_CANDLE_MY LAST NERVE OH LOOK_NGAN,PORTFOLIO_STATUS_ENABLED,NO_CAP,,,,,858284,1692,0.002,4801.89,2.84,217,3598.62,1.3344,0.7494,0,0,0.00,0,0,0.00
,x B0CHJ3YLP9_TUMBLER 20_COOL MOM CLUB WHITE,PORTFOLIO_STATUS_ENABLED,NO_CAP,,,,,478042,2015,0.0042,3984.12,1.98,168,2989.56,1.3327,0.7504,0,0,0.00,0,0,0.00
,x B0DJYZSQXT_ORNAMENT_MR & MRS GLASS,PORTFOLIO_STATUS_ENABLED,NO_CAP,,,,,69726,639,0.0092,1355.04,2.12,110,1016.85,1.3326,0.7504,0,0,0.00,0,0,0.00
,x BUNDLE 2023,PORTFOLIO_STATUS_ENABLED,NO_CAP,,,,,237253,710,0.003,1183.76,1.67,66,889.94,1.3302,0.7518,0,0,0.00,0,0,0.00
,x B0D7MXLVWS_ORNAMENT_BABY'S FIRST CHRISTMAS 2024 ACRYLIC,PORTFOLIO_STATUS_ENABLED,NO_CAP,,,,,324599,1833,0.0056,3564.06,1.94,228,2679.51,1.3301,0.7518,0,0,0.00,0,0,0.00
,launching B0FC686CQV_CARD_IT WILL BE SHIT HERE WITHOUT YOU Linh,PORTFOLIO_STATUS_ENABLED,NO_CAP,,,,,18521,400,0.0216,494.23,1.24,56,373.39,1.3236,0.7555,0,0,0.00,0,0,0.00
,x B0C5C9RV2V_HAT_TRUCKER HAT DAD,PORTFOLIO_STATUS_ENABLED,NO_CAP,,,,,1788172,2543,0.0014,6183.81,2.43,293,4736.55,1.3056,0.766,0,0,0.00,0,0,0.00
,x B0DJBGMLS2_ORNAMENT_PROMOTED TO GRANDPARENTS_Linh,PORTFOLIO_STATUS_ENABLED,NO_CAP,,,,,81989,549,0.0067,1113.55,2.03,77,853.57,1.3046,0.7665,0,0,0.00,0,0,0.00
,x B0C5J95LN2_WINE GLASS_VINTAGE 1983,PORTFOLIO_STATUS_ENABLED,NO_CAP,,,,,687896,1705,0.0025,4535.65,2.66,231,3479.21,1.3036,0.7671,0,0,0.00,0,0,0.00
,B0F5B1ZFQW_CARD_DIFFERENT DAD WOULD PUNCH_Linh,PORTFOLIO_STATUS_ENABLED,NO_CAP,,,,,216668,844,0.0039,947.89,1.12,82,729.38,1.2996,0.7695,0,0,0.00,0,0,0.00
,B0F6M1XX87_TUMBLER 20_WORK FORECAST BLACK_Linh,PORTFOLIO_STATUS_ENABLED,NO_CAP,,,,,50056,898,0.0179,2195.84,2.45,76,1696.22,1.2945,0.7725,0,0,0.00,0,0,0.00
,x B0CZDR729P_HAT_TRUCKER HAT 1994,PORTFOLIO_STATUS_ENABLED,NO_CAP,,,,,181790,450,0.0025,1386.39,3.08,65,1077.14,1.2871,0.7769,0,0,0.00,0,0,0.00
,B0F1FWGNH8_TUMBLER 20_DAD TRUMP LOSER BLACK_Linh,PORTFOLIO_STATUS_ENABLED,NO_CAP,,,,,49190,467,0.0095,936.52,2.01,67,738.51,1.2681,0.7886,0,0,0.00,0,0,0.00
,Launching_B0FC69GZW9_CARD_MAY YOU BE PROUD OF THE WORK_THILE,PORTFOLIO_STATUS_ENABLED,NO_CAP,,,,,24731,356,0.0144,586.37,1.65,66,465.30,1.2602,0.7935,0,0,0.00,0,0,0.00
,Launching_B0FC5XQTBQ_CARD_HAPPY BIRTHDAY DOG MOM_THILE,PORTFOLIO_STATUS_ENABLED,NO_CAP,,,,,10049,117,0.0116,255.30,2.18,34,203.66,1.2536,0.7977,0,0,0.00,0,0,0.00
,B0DPM5JXP7_ORNAMENT_NEW HOME NEW BEGINNINGS NEW MEMORIES 2025 GLASS_Linh,PORTFOLIO_STATUS_ENABLED,NO_CAP,,,,,732714,3060,0.0042,5594.76,1.83,417,4464.74,1.2531,0.798,0,0,0.00,0,0,0.00
,B0F59VYMYR_CARD_HUSBAND_Linh,PORTFOLIO_STATUS_ENABLED,NO_CAP,,,,,226487,1140,0.005,1406.60,1.23,121,1129.78,1.245,0.8032,0,0,0.00,0,0,0.00
,x B0CKYKT79X_CANDLE_MOM LAST NERVE,PORTFOLIO_STATUS_ENABLED,NO_CAP,,,,,2036939,3015,0.0015,6016.53,2.00,346,4848.85,1.2408,0.8059,0,0,0.00,0,0,0.00
,B0DRT3MK34_ORNAMENT_THE BEST IS YET TO COME ENGAGED 2025 GLASS_Linh,PORTFOLIO_STATUS_ENABLED,NO_CAP,,,,,635359,3901,0.0061,7374.63,1.89,681,5952.80,1.2389,0.8072,0,0,0.00,0,0,0.00
,x B0DJYC5Y9Q_ORNAMENT_AFFIRMATION CERAMIC_Linh,PORTFOLIO_STATUS_ENABLED,NO_CAP,,,,,42490,454,0.0107,681.12,1.50,56,550.26,1.2378,0.8079,0,0,0.00,0,0,0.00
,B0FC69XTZ9_CARD_CONGRATULATIONS ON LEAVING YOUR JOB_NGAN,PORTFOLIO_STATUS_ENABLED,NO_CAP,,,,,91049,659,0.0072,1118.74,1.70,107,904.78,1.2365,0.8087,0,0,0.00,0,0,0.00
,x B0B9SGJGSV_COFFEE GLASS_NOT ADAY EVER FABULOUS,PORTFOLIO_STATUS_ENABLED,NO_CAP,,,,,810253,2891,0.0036,5276.51,1.83,246,4268.51,1.2361,0.809,0,0,0.00,0,0,0.00
,x B0DK155YN3_ORNAMENT_UNDER THE TREE CERAMIC,PORTFOLIO_STATUS_ENABLED,NO_CAP,,,,,166372,497,0.003,802.78,1.62,47,654.07,1.2274,0.8148,0,0,0.00,0,0,0.00
,x B0CFQ44LNB_COFFEE GLASS_BOSS LADY,PORTFOLIO_STATUS_ENABLED,NO_CAP,,,,,196922,473,0.0024,1246.67,2.64,77,1031.28,1.2089,0.8272,0,0,0.00,0,0,0.00
,B0BRB6J55H_COFFEE GLASS_I'D WALK THROUGH FIRE FOR YOU SISTER_Linh,PORTFOLIO_STATUS_ENABLED,NO_CAP,,,,,493814,2681,0.0054,3781.53,1.41,175,3155.29,1.1985,0.8344,0,0,0.00,0,0,0.00
,B0CYSPFVG9_CANDLE_MORE FUN THAN TWO TWENTY-FIVE_NGAN,PORTFOLIO_STATUS_ENABLED,NO_CAP,,,,,306707,1032,0.0034,3741.82,3.63,186,3123.19,1.1981,0.8347,0,0,0.00,0,0,0.00
,x B0DK2RZX43_ORNAMENT_OUR FIRST CHRISTMAS TOGETHER CERAMIC,PORTFOLIO_STATUS_ENABLED,NO_CAP,,,,,150982,1071,0.0071,1653.93,1.54,161,1405.39,1.1768,0.8497,0,0,0.00,0,0,0.00
,x B0D4QKXVTN_TUMBLER 12_IN MY ENGAGED ERA ROSE GOLD,PORTFOLIO_STATUS_ENABLED,NO_CAP,,,,,326959,909,0.0028,3011.65,3.31,156,2608.86,1.1544,0.8663,0,0,0.00,0,0,0.00
,B0F3C9BMFZ_CANDLE_SMELLS LIKE IT'S NOT MY PROBLEM ANYMORE_Linh,PORTFOLIO_STATUS_ENABLED,NO_CAP,,,,,250707,1647,0.0066,4678.41,2.84,237,4114.87,1.137,0.8795,0,0,0.00,0,0,0.00
,x B0CCDLVFL5_COFFEE GLASS_SISTER GOD WAY,PORTFOLIO_STATUS_ENABLED,NO_CAP,,,,,244454,1047,0.0043,1811.28,1.73,81,1595.96,1.1349,0.8811,0,0,0.00,0,0,0.00
,x B0C5J67SPG_BEER CAN_VINTAGE 1993,PORTFOLIO_STATUS_ENABLED,NO_CAP,,,,,469633,963,0.0021,2243.46,2.33,138,1978.08,1.1342,0.8817,0,0,0.00,0,0,0.00
,Launching_B0FC6B7XH2_CARD_RETIREMENT QUITTER OOPS_THILE,PORTFOLIO_STATUS_ENABLED,NO_CAP,,,,,20248,364,0.018,664.35,1.83,85,586.09,1.1335,0.8822,0,0,0.00,0,0,0.00
,x B0DK16QYNP_ORNAMENT_THANK GOD CERAMIC,PORTFOLIO_STATUS_ENABLED,NO_CAP,,,,,71778,587,0.0082,1040.97,1.77,79,925.84,1.1244,0.8894,0,0,0.00,0,0,0.00
,x B09XDZL14H_TUMBLER 20_DAD DAUGHTER BLACK,PORTFOLIO_STATUS_ENABLED,NO_CAP,,,,,7151088,11160,0.0016,26442.35,2.37,943,23567.88,1.122,0.8913,0,0,0.00,0,0,0.00
,x B0DJYD117Z_ORNAMENT_HAPPY 60TH BIRTHDAY CERAMIC,PORTFOLIO_STATUS_ENABLED,NO_CAP,,,,,45215,233,0.0052,343.77,1.48,26,306.69,1.1209,0.8921,0,0,0.00,0,0,0.00
,x B0DJY87DG8_ORNAMENT_GODPARENTS CERAMIC,PORTFOLIO_STATUS_ENABLED,NO_CAP,,,,,51915,319,0.0061,622.15,1.95,45,555.49,1.12,0.8929,0,0,0.00,0,0,0.00
,B09S9PGL4T_TUMBLER 20_NICE TITS WHITE,PORTFOLIO_STATUS_ENABLED,NO_CAP,,,,,32268,281,0.0087,428.15,1.52,15,382.68,1.1188,0.8938,0,0,0.00,0,0,0.00
,B0CY4VFW91_APRON_DAD NUTRITION_NGAN,PORTFOLIO_STATUS_ENABLED,NO_CAP,,,,,284010,1593,0.0056,2646.91,1.66,145,2374.33,1.1148,0.897,0,0,0.00,0,0,0.00
,x B0DJY5ZSY9_ORNAMENT_MOTHER - DAUGHTER CERAMIC_Linh,PORTFOLIO_STATUS_ENABLED,NO_CAP,,,,,97697,377,0.0039,732.94,1.94,84,661.42,1.1081,0.9024,0,0,0.00,0,0,0.00
,x B0BC8TKH8X_WINE GLASS_WORLD'S BEST MOM,PORTFOLIO_STATUS_ENABLED,NO_CAP,,,,,1075187,3147,0.0029,6462.91,2.05,308,5855.75,1.1037,0.9061,0,0,0.00,0,0,0.00
,x B0DJY3RDHV_ORNAMENT_OUR ADVENTURE AWAITS CERAMIC,PORTFOLIO_STATUS_ENABLED,NO_CAP,,,,,93816,363,0.0039,776.36,2.14,71,705.29,1.1008,0.9085,0,0,0.00,0,0,0.00
,B0CRKR75LJ_TUMBLER 20_GRANDMASAURUS + GRANDMA NUTRITION  WHITE_Linh,PORTFOLIO_STATUS_ENABLED,NO_CAP,,,,,588906,2823,0.0048,6460.23,2.29,364,5899.98,1.095,0.9133,0,0,0.00,0,0,0.00
,x B0CHJ2KQ92_TUMBLER 20_COOL SISTER CLUB WHITE,PORTFOLIO_STATUS_ENABLED,NO_CAP,,,,,514217,1253,0.0024,2989.06,2.39,116,2759.96,1.083,0.9234,0,0,0.00,0,0,0.00
,x B0B8D1RZRF_WINE GLASS_VINTAGE 1992,PORTFOLIO_STATUS_ENABLED,NO_CAP,,,,,332081,1655,0.005,4342.09,2.62,217,4035.64,1.0759,0.9294,0,0,0.00,0,0,0.00
,B0DJY5K8QD_ORNAMENT_GRANDMOTHER - GRANDDAUGHTER CERAMIC_Linh,PORTFOLIO_STATUS_ENABLED,NO_CAP,,,,,133157,793,0.006,1524.38,1.92,135,1417.42,1.0755,0.9298,0,0,0.00,0,0,0.00
,B0DJY12521_ORNAMENT_ALL BOOKED FOR CHRISTMAS CERAMIC,PORTFOLIO_STATUS_ENABLED,NO_CAP,,,,,47286,160,0.0034,310.59,1.94,26,290.56,1.0689,0.9355,0,0,0.00,0,0,0.00
,x B0C5J3BKGW_COFFEE GLASS_ADVENTURE BEGINS,PORTFOLIO_STATUS_ENABLED,NO_CAP,,,,,655941,2028,0.0031,3917.43,1.93,204,3668.75,1.0678,0.9365,0,0,0.00,0,0,0.00
,B0D72QM578_CANDLE_DIFFERENCE MAKER_NGAN,PORTFOLIO_STATUS_ENABLED,NO_CAP,,,,,179096,1355,0.0076,3010.53,2.22,126,2836.66,1.0613,0.9422,0,0,0.00,0,0,0.00
,x B0C3D324P3_TUMBLER 20_SISTER CHOOSE WHITE BLUE,PORTFOLIO_STATUS_ENABLED,NO_CAP,,,,,824774,3180,0.0039,6472.79,2.04,366,6129.20,1.0561,0.9469,0,0,0.00,0,0,0.00
,x B0DLVRL4C1_ORNAMENT_WORK BESTIE GLASS,PORTFOLIO_STATUS_ENABLED,NO_CAP,,,,,112532,657,0.0058,1081.62,1.65,70,1025.10,1.0551,0.9477,0,0,0.00,0,0,0.00
,B0D82XJDLM_CANDLE_PET MEMORIAL I'M RIGHT HERE_NGAN,PORTFOLIO_STATUS_ENABLED,NO_CAP,,,,,104371,1084,0.0104,2454.07,2.26,149,2329.41,1.0535,0.9492,0,0,0.00,0,0,0.00
,x B0BC8QLF1R_COFFEE GLASS_BEST MOM EVER,PORTFOLIO_STATUS_ENABLED,NO_CAP,,,,,1102478,3717,0.0034,8409.29,2.26,410,7990.92,1.0524,0.9502,0,0,0.00,0,0,0.00
,B0D1GF81G8_COFFEE GLASS_IN MY NURSE ERA + NUTRITION FACTS THILE,PORTFOLIO_STATUS_ENABLED,NO_CAP,,,,,259478,1903,0.0073,4053.30,2.13,218,3862.28,1.0495,0.9529,0,0,0.00,0,0,0.00
,x B0DJY14TYV_ORNAMENT_FAMILY CERAMIC,PORTFOLIO_STATUS_ENABLED,NO_CAP,,,,,171696,739,0.0043,1413.17,1.91,85,1361.31,1.0381,0.9633,0,0,0.00,0,0,0.00
,B0F13VCCMP_BIBLE JAR_DAUGHTER_Linh,PORTFOLIO_STATUS_ENABLED,NO_CAP,,,,,359369,5090,0.0142,8589.93,1.69,476,8305.94,1.0342,0.9669,0,0,0.00,0,0,0.00
,B0F59VRD37_CARD_UGLY CHILDREN_Linh,PORTFOLIO_STATUS_ENABLED,NO_CAP,,,,,192899,507,0.0026,700.48,1.38,76,678.62,1.0322,0.9688,0,0,0.00,0,0,0.00
,B0DWN3SH33_COFFEE GLASS_NURSE COFFEE SCRUBS RUBBER GLOVES_THILE,PORTFOLIO_STATUS_ENABLED,NO_CAP,,,,,477590,2774,0.0058,4895.96,1.76,284,4746.45,1.0315,0.9695,0,0,0.00,0,0,0.00
,x B0DLWJ2NXX_ORNAMENT_NURSE CERAMIC THILE,PORTFOLIO_STATUS_ENABLED,NO_CAP,,,,,44726,253,0.0057,442.55,1.75,14,431.98,1.0245,0.9761,0,0,0.00,0,0,0.00
,x B0DK394WV1_ORNAMENT_NEVER FORGET HOW FLAMAZING YOU ARE CERAMIC,PORTFOLIO_STATUS_ENABLED,NO_CAP,,,,,116660,384,0.0033,753.15,1.96,76,736.16,1.0231,0.9774,0,0,0.00,0,0,0.00
,x B0C5C9VHMK_HAT_TRUCKER HAT PAPAW,PORTFOLIO_STATUS_ENABLED,NO_CAP,,,,,207904,1303,0.0063,3399.50,2.61,227,3351.22,1.0144,0.9858,0,0,0.00,0,0,0.00
,B0CKYMNV39_COFFEE GLASS_CATS AND BOOK_TRINH,PORTFOLIO_STATUS_ENABLED,NO_CAP,,,,,318020,1608,0.0051,2430.53,1.51,152,2399.18,1.0131,0.9871,0,0,0.00,0,0,0.00
,x B0BRCFCDFS_COFFEE GLASS_WEARS,PORTFOLIO_STATUS_ENABLED,NO_CAP,,,,,177660,554,0.0031,654.13,1.18,37,647.23,1.0107,0.9895,0,0,0.00,0,0,0.00
,B0F59WGVDP_CARD_HAPPY 1ST FATHER'S DAY_Linh,PORTFOLIO_STATUS_ENABLED,NO_CAP,,,,,165212,1471,0.0089,1420.53,0.97,144,1416.94,1.0025,0.9975,0,0,0.00,0,0,0.00
,B0CRKRWNGZ_COFFEE GLASS_IM NOT SPOILED + WIFE NUTRITION_NGAN,PORTFOLIO_STATUS_ENABLED,NO_CAP,,,,,555755,3479,0.0063,7816.44,2.25,536,7808.34,1.001,0.999,0,0,0.00,0,0,0.00
,x B0CFQ2N5DF_TUMBLER 20_BEST BOSS + BOSS NUTRITION BLACK,PORTFOLIO_STATUS_ENABLED,NO_CAP,,,,,170699,691,0.004,1616.58,2.34,99,1629.30,0.9922,1.0079,0,0,0.00,0,0,0.00
,x B0BC8RQ4NG_COFFEE GLASS_BEST WIFE EVER,PORTFOLIO_STATUS_ENABLED,NO_CAP,,,,,608049,1964,0.0032,4492.64,2.29,287,4537.93,0.99,1.0101,0,0,0.00,0,0,0.00
,B0F59VQYH5_CARD_BONUS DAD_Linh,PORTFOLIO_STATUS_ENABLED,NO_CAP,,,,,156017,846,0.0054,979.93,1.16,109,993.68,0.9862,1.014,0,0,0.00,0,0,0.00
,x B0CHFDJGN6_TUMBLER 20_IM NOT SPOILED + WIFE NUTRITION WHITE,PORTFOLIO_STATUS_ENABLED,NO_CAP,,,,,1642262,4518,0.0028,8904.84,1.97,488,9066.57,0.9822,1.0182,0,0,0.00,0,0,0.00
,B0F59YVGWG_CARD_MY FAVORITE CHILD - DAD_Linh,PORTFOLIO_STATUS_ENABLED,NO_CAP,,,,,298421,1617,0.0054,1639.22,1.01,187,1669.86,0.9817,1.0187,0,0,0.00,0,0,0.00
,x B09S8KNXQK_TUMBLER 20_OTHER 30  WHITE,PORTFOLIO_STATUS_ENABLED,NO_CAP,,,,,1691625,3809,0.0023,7203.43,1.89,373,7346.95,0.9805,1.0199,0,0,0.00,0,0,0.00
,B0F59VGSY3_CARD_BEING MY DAD IS REALLY THE ONLY GIFT YOU NEED_Linh,PORTFOLIO_STATUS_ENABLED,NO_CAP,,,,,234600,694,0.003,775.52,1.12,84,792.13,0.979,1.0214,0,0,0.00,0,0,0.00
,x B09V4PBVVB_BEER GLASS_BEER GLASS_OLD LIVE  MATTER,PORTFOLIO_STATUS_ENABLED,NO_CAP,,,,,8397875,11710,0.0014,29317.89,2.50,1399,30247.42,0.9693,1.0317,0,0,0.00,0,0,0.00
,B0CBJSYJJS_COFFEE GLASS_MAMA FLOWER_Linh,PORTFOLIO_STATUS_ENABLED,NO_CAP,,,,,258419,1167,0.0045,2281.53,1.96,129,2359.18,0.9671,1.034,0,0,0.00,0,0,0.00
,x B0C9C3GQQ7_COFFEE GLASS_COOL BEST FRIEND CLUB,PORTFOLIO_STATUS_ENABLED,NO_CAP,,,,,794720,1568,0.002,3161.78,2.02,168,3295.66,0.9594,1.0423,0,0,0.00,0,0,0.00
,B0DH7Y6RDX_WINE GLASS_LIMITED EDITION 1975_Linh,PORTFOLIO_STATUS_ENABLED,NO_CAP,,,,,787171,6035,0.0077,13964.42,2.31,733,14656.29,0.9528,1.0495,0,0,0.00,0,0,0.00
,x B0C5XNHX5K_CANDLE_HAVING ME AS A SON,PORTFOLIO_STATUS_ENABLED,NO_CAP,,,,,1937208,4043,0.0021,7330.32,1.81,554,7723.95,0.949,1.0537,0,0,0.00,0,0,0.00
,x B0CQK3CW58_COFFEE GLASS_C MONOGRAMMED,PORTFOLIO_STATUS_ENABLED,NO_CAP,,,,,6080,40,0.0066,56.69,1.42,6,59.94,0.9458,1.0573,0,0,0.00,0,0,0.00
,BRAND KEYWORD,PORTFOLIO_STATUS_ENABLED,NO_CAP,,,,,5501637,9592,0.0017,13650.24,1.42,703,14854.50,0.9189,1.0882,337,0.9233,7161.19,0.9181,0,0.00
,x B0B4WNS2YH_WINE GLASS_LIMITED EDITION 1982,PORTFOLIO_STATUS_ENABLED,NO_CAP,,,,,1030183,4032,0.0039,9874.89,2.45,475,10831.49,0.9117,1.0969,0,0,0.00,0,0,0.00
,B0D83SHR3X_CANDLE_SHE'S READING AGAIN_TRINH,PORTFOLIO_STATUS_ENABLED,NO_CAP,,,,,166443,1367,0.0082,2670.26,1.95,151,2944.16,0.907,1.1026,0,0,0.00,0,0,0.00
,x B0DJY74MRC_ORNAMENT_MANY BOOKS GLASS,PORTFOLIO_STATUS_ENABLED,NO_CAP,,,,,67136,533,0.0079,780.95,1.47,70,865.02,0.9028,1.1077,0,0,0.00,0,0,0.00
,x B0CQK4V7V5_COFFEE GLASS_J MONOGRAMMED,PORTFOLIO_STATUS_ENABLED,NO_CAP,,,,,1237350,4164,0.0034,7257.48,1.74,517,8051.79,0.9013,1.1094,0,0,0.00,0,0,0.00
,B0CHJ1V1RR_TUMBLER 20_I CANT I HAVE PLAN IN THE GARAGE BLACK_THILE,PORTFOLIO_STATUS_ENABLED,NO_CAP,,,,,1192730,4794,0.004,7516.26,1.57,477,8390.03,0.8959,1.1163,0,0,0.00,0,0,0.00
,B0F2TD6J1Q_CARD_MOTHER & DAUGHTER_Linh,PORTFOLIO_STATUS_ENABLED,NO_CAP,,,,,76778,909,0.0118,751.65,0.83,91,845.07,0.8895,1.1243,0,0,0.00,0,0,0.00
,x B0BR3MWM32_WINE GLASS_LIMITED EDITION 1973,PORTFOLIO_STATUS_ENABLED,NO_CAP,,,,,2360716,7709,0.0033,13440.33,1.74,732,15213.27,0.8835,1.1319,0,0,0.00,0,0,0.00
,x B0C9BZS6M8_COFFEE GLASS_HALF TEACHER HALF COFFEE,PORTFOLIO_STATUS_ENABLED,NO_CAP,,,,,645323,1675,0.0026,2589.31,1.55,169,2956.43,0.8758,1.1418,0,0,0.00,0,0,0.00
,x B0DK16QK9D_ORNAMENT_BASEBALL CERAMIC,PORTFOLIO_STATUS_ENABLED,NO_CAP,,,,,179194,555,0.0031,1034.22,1.86,110,1183.82,0.8736,1.1447,0,0,0.00,0,0,0.00
,B0BRCDZRSP_COFFEE GLASS_BEST FUCKING FRIEND EVER_Linh,PORTFOLIO_STATUS_ENABLED,NO_CAP,,,,,829465,1992,0.0024,3416.58,1.72,221,3921.58,0.8712,1.1478,0,0,0.00,0,0,0.00
,x B0B1T794ZP_ CANDLE_I WISH YOU LIVED NEXT DOOR,PORTFOLIO_STATUS_ENABLED,NO_CAP,,,,,6201844,24344,0.0039,56852.07,2.34,3104,65412.51,0.8691,1.1506,0,0,0.00,0,0,0.00
,x B0BYDBPSBQ_COFFEE GLASS_DAILY REMINDERS,PORTFOLIO_STATUS_ENABLED,NO_CAP,,,,,669864,8051,0.012,6786.58,0.84,409,7838.59,0.8658,1.155,0,0,0.00,0,0,0.00
,B0DVSKXLS5_BIBLE JAR_MOM_Linh,PORTFOLIO_STATUS_ENABLED,NO_CAP,,,,,4516623,40816,0.009,72005.23,1.76,4226,83384.38,0.8635,1.158,0,0,0.00,0,0,0.00
,B0F7WYS1R1_BIBLE JAR_UNCLE_Linh,PORTFOLIO_STATUS_ENABLED,NO_CAP,,,,,16725,268,0.016,593.95,2.22,38,689.84,0.861,1.1614,0,0,0.00,0,0,0.00
,x B0BYDC9VC8_COFFEE GLASS_YOURE AMAZING,PORTFOLIO_STATUS_ENABLED,NO_CAP,,,,,74288,488,0.0066,468.80,0.96,31,545.38,0.8596,1.1634,0,0,0.00,0,0,0.00
,B0CQ2K12H3_TUMBLER 20_MY FAVORITE GRANDCHILD + GRANDMA NUTRITION WHITE_Linh,PORTFOLIO_STATUS_ENABLED,NO_CAP,,,,,970143,5164,0.0053,10461.81,2.03,677,12282.23,0.8518,1.174,0,0,0.00,0,0,0.00
,x B0D1GG9MS2_HAT_DAD LEVEL UNLOCKED,PORTFOLIO_STATUS_ENABLED,NO_CAP,,,,,1208365,1678,0.0014,4705.55,2.80,268,5544.42,0.8487,1.1783,0,0,0.00,0,0,0.00
,x B07TV5751F_I'D WALK THROUGH FIRE FOR SISTER,PORTFOLIO_STATUS_ENABLED,NO_CAP,,,,,264998,1898,0.0072,1906.09,1.00,194,2251.12,0.8467,1.181,0,0,0.00,0,0,0.00
,x B09BZ98BCS_TUMBLER 20_SISTER UNICORN WHITE,PORTFOLIO_STATUS_ENABLED,NO_CAP,,,,,4331457,17079,0.0039,25106.52,1.47,1306,29789.83,0.8428,1.1865,0,0,0.00,0,0,0.00
,TEST KEY ORNAMENT,PORTFOLIO_STATUS_ENABLED,NO_CAP,,,,,85366,425,0.005,566.37,1.33,41,672.19,0.8426,1.1868,0,0,0.00,0,0,0.00
,x B0B7M62T24_TUMBLER 12_21 WITH 19 YEARS EXPERIENCE ROSE GOLD,PORTFOLIO_STATUS_ENABLED,NO_CAP,,,,,74286,100,0.0013,303.97,3.04,18,362.64,0.8382,1.193,0,0,0.00,0,0,0.00
,x B0B9SCJVV7_COFFEE GLASS_BRIDE,PORTFOLIO_STATUS_ENABLED,NO_CAP,,,,,1617233,6020,0.0037,10047.56,1.67,805,12048.52,0.8339,1.1991,0,0,0.00,0,0,0.00
,B0F7XCP31P_BIBLE JAR_BROTHER_Linh,PORTFOLIO_STATUS_ENABLED,NO_CAP,,,,,87591,866,0.0099,1503.56,1.74,97,1804.66,0.8332,1.2003,0,0,0.00,0,0,0.00
,B0CRKQR2KF_COFFEE GLASS_BESTIE + BESITE NUTRITION_TRINH,PORTFOLIO_STATUS_ENABLED,NO_CAP,,,,,736942,5505,0.0075,7452.99,1.35,504,9000.04,0.8281,1.2076,0,0,0.00,0,0,0.00
,x B0B5RJWDFX_CANDLE_MOMS LAST NERVE,PORTFOLIO_STATUS_ENABLED,NO_CAP,,,,,7763650,22806,0.0029,47372.10,2.08,3392,57622.79,0.8221,1.2164,0,0,0.00,0,0,0.00
,B097B9H21P_TUMBLER 20_MOM NUTRITION WHITE_Linh,PORTFOLIO_STATUS_ENABLED,NO_CAP,,,,,16683519,82508,0.0049,152795.74,1.85,8214,185880.32,0.822,1.2165,0,0,0.00,0,0,0.00
,x B0CZDP6TCN_HAT_IM NOT OLD IM CLASSIC_NGAN,PORTFOLIO_STATUS_ENABLED,NO_CAP,,,,,546861,2274,0.0042,4669.52,2.05,283,5770.30,0.8092,1.2357,0,0,0.00,0,0,0.00
,x B0B4WQMS2D_WINE GLASS_VINTAGE 1962,PORTFOLIO_STATUS_ENABLED,NO_CAP,,,,,1093626,4075,0.0037,9841.69,2.42,513,12188.42,0.8075,1.2384,0,0,0.00,0,0,0.00
,B0D6GGZ5TL_CANDLE_HAPPY NEW HOME_Linh,PORTFOLIO_STATUS_ENABLED,NO_CAP,,,,,237758,2245,0.0094,4513.98,2.01,301,5590.92,0.8074,1.2386,0,0,0.00,0,0,0.00
,x I hate candles,PORTFOLIO_STATUS_ENABLED,NO_CAP,,,,,642687,2495,0.0039,3368.95,1.35,295,4181.73,0.8056,1.2413,0,0,0.00,0,0,0.00
,SPONSORED BRAND,PORTFOLIO_STATUS_ENABLED,NO_CAP,,,,,5488153,10000,0.0018,11565.16,1.16,796,14386.84,0.8039,1.244,0,0,0.00,0,0,0.00
,x B0CQK5M4FJ_COFFEE GLASS_K MONOGRAMMED,PORTFOLIO_STATUS_ENABLED,NO_CAP,,,,,4668,20,0.0043,23.39,1.17,3,29.41,0.7953,1.2574,0,0,0.00,0,0,0.00
,x B0C5XPM2YZ_CANDLE_HAVING ME AS A DAUGHTER,PORTFOLIO_STATUS_ENABLED,NO_CAP,,,,,1076464,4155,0.0039,6402.44,1.54,491,8104.32,0.79,1.2658,0,0,0.00,0,0,0.00
,x B0B5T79Y6M_CANDLE_SENDING YOU A BIG HUG,PORTFOLIO_STATUS_ENABLED,NO_CAP,,,,,1121092,2425,0.0022,3664.46,1.51,290,4643.21,0.7892,1.2671,0,0,0.00,0,0,0.00
,B0F6M3X7LG_BIBLE JAR_READ THIS WHEN_Linh,PORTFOLIO_STATUS_ENABLED,NO_CAP,,,,,359319,4745,0.0132,7661.90,1.61,594,9724.97,0.7879,1.2693,0,0,0.00,0,0,0.00
,x B0D1GG6SZ1_HAT_THAT WHAT I DO I FIX STUFF,PORTFOLIO_STATUS_ENABLED,NO_CAP,,,,,1526249,3724,0.0024,5448.98,1.46,361,6958.73,0.783,1.2771,0,0,0.00,0,0,0.00
,x B0BHWKY43D_COFFEE GLASS_MAMASAURUS,PORTFOLIO_STATUS_ENABLED,NO_CAP,,,,,1464887,6136,0.0042,9306.26,1.52,760,11895.87,0.7823,1.2783,0,0,0.00,0,0,0.00
,x B09791BS4W_TUMBLER 20_NEW ADVENTURE WHITE,PORTFOLIO_STATUS_ENABLED,NO_CAP,,,,,1505724,3160,0.0021,6608.53,2.09,389,8481.96,0.7791,1.2835,0,0,0.00,0,0,0.00
,x B0B6BTRYHC_TUMBLER 20_NANA NUTRITION WHITE,PORTFOLIO_STATUS_ENABLED,NO_CAP,,,,,3076713,16652,0.0054,31945.05,1.92,2091,41023.83,0.7787,1.2842,0,0,0.00,0,0,0.00
,x launch,PORTFOLIO_STATUS_ENABLED,NO_CAP,,,,,118214,1013,0.0086,1562.10,1.54,107,2013.86,0.7757,1.2892,0,0,0.00,0,0,0.00
,B0F2T6J36X_CARD_MOM TRUMP_Linh,PORTFOLIO_STATUS_ENABLED,NO_CAP,,,,,888666,3998,0.0045,4132.95,1.03,555,5340.74,0.7739,1.2922,0,0,0.00,0,0,0.00
,B0F59S997T_CARD_DADDYSAURUS_Linh,PORTFOLIO_STATUS_ENABLED,NO_CAP,,,,,649589,933,0.0014,1145.64,1.23,149,1481.88,0.7731,1.2935,0,0,0.00,0,0,0.00
,x B0C9C5ZFTG_COFFEE GLASS_TEACHER PLANT SEEDS,PORTFOLIO_STATUS_ENABLED,NO_CAP,,,,,446237,2339,0.0052,3414.24,1.46,240,4423.50,0.7718,1.2956,0,0,0.00,0,0,0.00
,B0BHWDNYVL_COFFEE GLASS_MOM NUTRITION_Linh,PORTFOLIO_STATUS_ENABLED,NO_CAP,,,,,2695916,16573,0.0061,21774.14,1.31,1625,28270.45,0.7702,1.2984,0,0,0.00,0,0,0.00
,x B0C1SN5WVQ_COFFEE GLASS_MILF EST 2023,PORTFOLIO_STATUS_ENABLED,NO_CAP,,,,,184124,2160,0.0117,4035.64,1.87,279,5242.42,0.7698,1.299,0,0,0.00,0,0,0.00
,x B08ZKX6YK9_TUMBLER 20_MOM UGLY WHITE,PORTFOLIO_STATUS_ENABLED,NO_CAP,,,,,23681844,56874,0.0024,115377.45,2.03,6301,151493.26,0.7616,1.313,0,0,0.00,0,0,0.00
,B0DJXZ36VG_ORNAMENT_SISTER GLASS_Linh,PORTFOLIO_STATUS_ENABLED,NO_CAP,,,,,331850,1993,0.006,2759.91,1.38,306,3626.85,0.761,1.3141,0,0,0.00,0,0,0.00
,B097B9SY89_TUMBLER 20_DAD NUTRITION BLACK_Linh,PORTFOLIO_STATUS_ENABLED,NO_CAP,,,,,14133612,80493,0.0057,124777.23,1.55,7099,164045.75,0.7606,1.3147,0,0,0.00,0,0,0.00
,B0DWN2GX75_TUMBLER 20_NURSE DIFFERENCE YOU MAKE  WHITE_THILE,PORTFOLIO_STATUS_ENABLED,NO_CAP,,,,,745269,3789,0.0051,6207.98,1.64,372,8182.94,0.7586,1.3181,0,0,0.00,0,0,0.00
,B0DJZ1LW8L_ORNAMENT_LOVE YOU MOM GLASS_Linh,PORTFOLIO_STATUS_ENABLED,NO_CAP,,,,,233940,1067,0.0046,2016.96,1.89,230,2663.91,0.7571,1.3208,0,0,0.00,0,0,0.00
,x B0B4WLVWTF_WINE GLASS_VINTAGE 1972,PORTFOLIO_STATUS_ENABLED,NO_CAP,,,,,1068460,3675,0.0034,9772.27,2.66,506,12979.46,0.7529,1.3282,0,0,0.00,0,0,0.00
,TEST ASIN COMBINED,PORTFOLIO_STATUS_ENABLED,NO_CAP,,,,,49368,445,0.009,1026.89,2.31,72,1369.52,0.7498,1.3337,0,0,0.00,0,0,0.00
,B095S16WV3_TUMBLER 20_WISE WOMEN WHITE,PORTFOLIO_STATUS_ENABLED,NO_CAP,,,,,210525,1329,0.0063,2804.88,2.11,167,3746.84,0.7486,1.3358,0,0,0.00,0,0,0.00
,B0BDLH8KX3_COFFEE GLASS_WIFEY_Linh,PORTFOLIO_STATUS_ENABLED,NO_CAP,,,,,3917659,15704,0.004,26156.84,1.67,2001,35070.05,0.7458,1.3408,0,0,0.00,0,0,0.00
,x B0BZW79FM9_CANDLE_BEST FUCKING FRIEND EVER,PORTFOLIO_STATUS_ENABLED,NO_CAP,,,,,48282,55,0.0011,112.73,2.05,9,152.82,0.7377,1.3556,0,0,0.00,0,0,0.00
,B0F2TB3Q7Q_CARD_WHO STILL NEEDS HER MOM_Linh,PORTFOLIO_STATUS_ENABLED,NO_CAP,,,,,46983,419,0.0089,371.18,0.89,53,506.46,0.7329,1.3645,0,0,0.00,0,0,0.00
,x B0BYDDYBYW_COFFEE GLASS_ITS TOO PEOPLEY OUTSIDE,PORTFOLIO_STATUS_ENABLED,NO_CAP,,,,,207222,901,0.0043,1137.20,1.26,85,1558.20,0.7298,1.3702,0,0,0.00,0,0,0.00
,TEST PLACEMENT,PORTFOLIO_STATUS_ENABLED,NO_CAP,,,,,44477,242,0.0054,383.99,1.59,27,526.46,0.7294,1.371,0,0,0.00,0,0,0.00
,B0CG8N67SJ_TUMBLER 20_MY FAVORITE CHILD + DAD NUTRITION NAVY_Linh,PORTFOLIO_STATUS_ENABLED,NO_CAP,,,,,17269096,117814,0.0068,202409.24,1.72,13107,277789.13,0.7286,1.3724,0,0,0.00,0,0,0.00
,B0F7WVKZ6F_BIBLE JAR_GRANDPA_Linh,PORTFOLIO_STATUS_ENABLED,NO_CAP,,,,,87719,895,0.0102,1519.06,1.70,107,2087.81,0.7276,1.3744,0,0,0.00,0,0,0.00
,x B0C5CDG435_HAT_TRUCKER HAT UNCLE,PORTFOLIO_STATUS_ENABLED,NO_CAP,,,,,374817,1114,0.003,2419.47,2.17,244,3339.45,0.7245,1.3802,0,0,0.00,0,0,0.00
,B0CKYL86S1_BEER GLASS_YOU ARE AWESOME_NGAN,PORTFOLIO_STATUS_ENABLED,NO_CAP,,,,,1152948,2708,0.0023,3867.15,1.43,311,5339.84,0.7242,1.3808,0,0,0.00,0,0,0.00
,x B0DG8Y15PG_ORNAMENT_CHANCE MADE US COLLEAGUES GLASS,PORTFOLIO_STATUS_ENABLED,NO_CAP,,,,,148443,1295,0.0087,1847.85,1.43,174,2558.38,0.7223,1.3845,0,0,0.00,0,0,0.00
,x B09S8QLC8H_TUMBLER 20_OTHER SISTERS GREEN PURPLE,PORTFOLIO_STATUS_ENABLED,NO_CAP,,,,,6337122,15857,0.0025,29976.21,1.89,1929,41515.40,0.7221,1.3849,0,0,0.00,0,0,0.00
,B0F13S4HSG_BIBLE JAR_SISTER_Linh,PORTFOLIO_STATUS_ENABLED,NO_CAP,,,,,619599,5426,0.0088,8328.28,1.53,634,11541.07,0.7216,1.3858,0,0,0.00,0,0,0.00
,x B0DLV9V243_ORNAMENT_YOU ARE AWESOME GLASS_Linh,PORTFOLIO_STATUS_ENABLED,NO_CAP,,,,,152126,328,0.0022,514.28,1.57,54,715.26,0.719,1.3908,0,0,0.00,0,0,0.00
,B0CBJQZCFY_COFFEE GLASS_A JOB MADE US COWORKER_Linh,PORTFOLIO_STATUS_ENABLED,NO_CAP,,,,,517472,3748,0.0072,4500.77,1.20,363,6295.70,0.7149,1.3988,0,0,0.00,0,0,0.00
,x B0C9C65GXR_COFFEE GLASS_THE ONE WHERE I'M THE BRIDE,PORTFOLIO_STATUS_ENABLED,NO_CAP,,,,,931004,3150,0.0034,5463.24,1.73,459,7644.87,0.7146,1.3993,0,0,0.00,0,0,0.00
,x B097BKVM35_TUMBLER 2O_CAT BETTER LIFE,PORTFOLIO_STATUS_ENABLED,NO_CAP,,,,,1056663,3847,0.0036,5894.32,1.53,364,8388.18,0.7027,1.4231,0,0,0.00,0,0,0.00
,B0C1BS7BV8_COFFEE GLASS_HEART_TRINH,PORTFOLIO_STATUS_ENABLED,NO_CAP,,,,,340735,1492,0.0044,850.14,0.57,89,1210.14,0.7025,1.4235,0,0,0.00,0,0,0.00
,x B0CRDCNJ39_TUMBLER 20_FORTY THE ULTIMATED F WORLD BLACK,PORTFOLIO_STATUS_ENABLED,NO_CAP,,,,,36739,100,0.0027,214.17,2.14,15,305.70,0.7006,1.4274,0,0,0.00,0,0,0.00
,B0F2TDKZ4N_CARD_BEING MY MOTHER IS REALLY THE ONLY_Linh,PORTFOLIO_STATUS_ENABLED,NO_CAP,,,,,92021,327,0.0036,321.62,0.98,51,461.47,0.6969,1.4348,0,0,0.00,0,0,0.00
,x B0C2TJY1XL_COFFEE GLASS_WISE WOMEN,PORTFOLIO_STATUS_ENABLED,NO_CAP,,,,,796115,2244,0.0028,2845.44,1.27,261,4096.63,0.6946,1.4397,0,0,0.00,0,0,0.00
,x B0BHVNXBS6_COFFEE GLASS_FINALLY 21,PORTFOLIO_STATUS_ENABLED,NO_CAP,,,,,1487659,4053,0.0027,6791.07,1.68,534,9792.10,0.6935,1.4419,0,0,0.00,0,0,0.00
,B0D1GH6WJ6_TUMBLER 20_STRAIGHT OUTTA MY THIRTIES BLACK_NGAN,PORTFOLIO_STATUS_ENABLED,NO_CAP,,,,,908389,1089,0.0012,2644.22,2.43,208,3834.63,0.6896,1.4502,0,0,0.00,0,0,0.00
,B0BC8WBYW7_COFFEE GLASS_BEST SISTER EVER,PORTFOLIO_STATUS_ENABLED,NO_CAP,,,,,1150256,4355,0.0038,7687.53,1.77,568,11181.08,0.6875,1.4544,0,0,0.00,0,0,0.00
,x B0B425H79X_COFFEE GLASS_VINTAGE 1982,PORTFOLIO_STATUS_ENABLED,NO_CAP,,,,,1353733,3816,0.0028,9436.99,2.47,699,13764.12,0.6856,1.4585,0,0,0.00,0,0,0.00
,x B0B9SC1JMN_COFFEE GLASS_YOURE THE SISTER I GOT TO CHOOSE,PORTFOLIO_STATUS_ENABLED,NO_CAP,,,,,4903930,18740,0.0038,28090.00,1.50,2009,41194.54,0.6819,1.4665,0,0,0.00,0,0,0.00
,x B0DJY79JYZ_ORNAMENT_PET - MY FIRST CHRISTMAS ACRYLIC_Linh,PORTFOLIO_STATUS_ENABLED,NO_CAP,,,,,139233,1079,0.0077,1671.80,1.55,224,2466.55,0.6778,1.4754,0,0,0.00,0,0,0.00
,x B0BRCF697N_COFFEE GLASS_MRS,PORTFOLIO_STATUS_ENABLED,NO_CAP,,,,,1836781,6068,0.0033,9536.79,1.57,784,14085.00,0.6771,1.4769,0,0,0.00,0,0,0.00
,B0CRKT6RVB_TUMBLER 20_GRANDPASAURUS + GRANDPA NUTRITION NAVY_THILE,PORTFOLIO_STATUS_ENABLED,NO_CAP,,,,,266491,1473,0.0055,3487.85,2.37,275,5172.08,0.6744,1.4829,0,0,0.00,0,0,0.00
,x B0D3HMQK45_WINE GLASS_RETIRED 2024 NOT MY PROBLEM ANYMORE,PORTFOLIO_STATUS_ENABLED,NO_CAP,,,,,728093,3279,0.0045,7093.15,2.16,535,10527.62,0.6738,1.4842,0,0,0.00,0,0,0.00
,x B0DHRKRSXC_ORNAMENT_NEW HOME NEW BEGINNINGS NEW MEMORIES GLASS_Linh,PORTFOLIO_STATUS_ENABLED,NO_CAP,,,,,644777,5137,0.008,8484.89,1.65,1151,12594.86,0.6737,1.4844,0,0,0.00,0,0,0.00
,B0DGGDN9WS_COFFEE GLASS_VINTAGE 1995 + BACK IN 1995_THILE,PORTFOLIO_STATUS_ENABLED,NO_CAP,,,,,536867,6987,0.013,10913.23,1.56,892,16202.25,0.6736,1.4846,0,0,0.00,0,0,0.00
,x NEW MOM DAD,PORTFOLIO_STATUS_ENABLED,NO_CAP,,,,,3873110,4910,0.0013,12566.52,2.56,782,18953.55,0.663,1.5083,0,0,0.00,0,0,0.00
,x B0CLYRNFBT_TUMBLER 20_WEIRD BEING + OLD LIVES  MATTER BLACK_Linh,PORTFOLIO_STATUS_ENABLED,NO_CAP,,,,,1816818,3334,0.0018,5960.85,1.79,509,8999.58,0.6623,1.5098,0,0,0.00,0,0,0.00
,B0DLT3SDLB_ORNAMENT_IN MY BOY MOM ERA CERAMIC_Linh,PORTFOLIO_STATUS_ENABLED,NO_CAP,,,,,197868,1121,0.0057,2146.50,1.91,264,3240.86,0.6623,1.5098,0,0,0.00,0,0,0.00
,B0D39T2MVK_COFFEE GLASS_IN MY 21ST BIRTHDAY ERA_THILE,PORTFOLIO_STATUS_ENABLED,NO_CAP,,,,,239542,1048,0.0044,1562.65,1.49,165,2365.02,0.6607,1.5135,0,0,0.00,0,0,0.00
,B0CCDLWRTD_COFFEE GLASS_BOOKED WEEKEND_THILE,PORTFOLIO_STATUS_ENABLED,NO_CAP,,,,,151213,721,0.0048,970.30,1.35,102,1470.76,0.6597,1.5158,0,0,0.00,0,0,0.00
,x B0DJT3P5FK_ORNAMENT_50TH & FABULOUS GLASS,PORTFOLIO_STATUS_ENABLED,NO_CAP,,,,,72943,620,0.0085,1242.48,2.00,136,1883.54,0.6597,1.516,0,0,0.00,0,0,0.00
,B0F59YJV71_CARD_NO ONE WATCHES TV_Linh,PORTFOLIO_STATUS_ENABLED,NO_CAP,,,,,188415,2488,0.0132,2250.45,0.90,353,3413.69,0.6592,1.5169,0,0,0.00,0,0,0.00
,B0CKYJ8WLN_TUMBLER 20_MY FAVORITE GRANDCHILD + GRANDPA NUTRITION NAVY_NGUYEN,PORTFOLIO_STATUS_ENABLED,NO_CAP,,,,,1267308,7028,0.0055,12611.34,1.79,1019,19215.63,0.6563,1.5237,0,0,0.00,0,0,0.00
,x B0C9BZT9D8_COFFEE GLASS_TALK THIRTY TO ME,PORTFOLIO_STATUS_ENABLED,NO_CAP,,,,,1026221,1427,0.0014,2397.14,1.68,230,3656.62,0.6556,1.5254,0,0,0.00,0,0,0.00
,B0F7LL1VLP_CARD_CAT DAD_Linh,PORTFOLIO_STATUS_ENABLED,NO_CAP,,,,,292056,2273,0.0078,2542.39,1.12,350,3879.95,0.6553,1.5261,0,0,0.00,0,0,0.00
,B0F59Z29ZR_CARD_TO MY GRANDPA_Linh,PORTFOLIO_STATUS_ENABLED,NO_CAP,,,,,214512,1057,0.0049,1090.98,1.03,156,1672.28,0.6524,1.5328,0,0,0.00,0,0,0.00
,B0F59S8H6T_CARD_YOU'RE AN AWESOME DAD_Linh,PORTFOLIO_STATUS_ENABLED,NO_CAP,,,,,593835,4254,0.0072,4284.58,1.01,550,6594.61,0.6497,1.5392,0,0,0.00,0,0,0.00
,x B0CKYMTG4J_COFFEE GLASS_AUNTIESAURUS LIKE A NORMAL AUNT_NGAN,PORTFOLIO_STATUS_ENABLED,NO_CAP,,,,,209385,1765,0.0084,2962.25,1.68,230,4576.42,0.6473,1.5449,0,0,0.00,0,0,0.00
,B08ZKZ1FJK_TUMBLER 20_DAD UGLY BLACK_Linh,PORTFOLIO_STATUS_ENABLED,NO_CAP,,,,,32598277,95079,0.0029,169113.73,1.78,11214,261708.84,0.6462,1.5475,0,0,0.00,0,0,0.00
,x B0CT8N6CSJ_TUMBLER 20_VINTAGE 1944 + WEIRD BEING OLD PEOPLE BLACK,PORTFOLIO_STATUS_ENABLED,NO_CAP,,,,,818784,1852,0.0023,4074.26,2.20,311,6318.06,0.6449,1.5507,0,0,0.00,0,0,0.00
,B0CJX4XSXB_TUMBLER 20_MAMASAURUS + MOM NUTRITION WHITE_NGUYEN,PORTFOLIO_STATUS_ENABLED,NO_CAP,,,,,6016642,26664,0.0044,47048.26,1.76,3501,72984.48,0.6446,1.5513,0,0,0.00,0,0,0.00
,x B0C5JDHHTK_TUMBLER 20_QUITTER PURPLE,PORTFOLIO_STATUS_ENABLED,NO_CAP,,,,,217854,651,0.003,880.68,1.35,71,1368.58,0.6435,1.554,0,0,0.00,0,0,0.00
,x B0BHVYX576_COFFEE GLASS_YOU ARE AWESOME,PORTFOLIO_STATUS_ENABLED,NO_CAP,,,,,111580,696,0.0062,795.73,1.14,74,1238.08,0.6427,1.5559,0,0,0.00,0,0,0.00
,B0CM5RJ8VD_TUMBLER 20_MY FAVORITE CHILD + DAD NUTRITION BLACK_Linh,PORTFOLIO_STATUS_ENABLED,NO_CAP,,,,,2115118,10704,0.0051,18023.67,1.68,1318,28053.81,0.6425,1.5565,0,0,0.00,0,0,0.00
,B0CYSTZG5R_COFFEE GLASS_IN MY BRIDE ERA_Linh,PORTFOLIO_STATUS_ENABLED,NO_CAP,,,,,1141837,5352,0.0047,9926.93,1.85,964,15480.34,0.6413,1.5594,0,0,0.00,0,0,0.00
,B088GX79HT_TUMBLER 20_DADDYSAURUS BLACK,PORTFOLIO_STATUS_ENABLED,NO_CAP,,,,,39624291,85661,0.0022,137337.61,1.60,9301,214197.23,0.6412,1.5596,0,0,0.00,0,0,0.00
,"B0F2TC6CP7_CARD_MOM, THANKS FOR SHARING YOUR DNA_Linh",PORTFOLIO_STATUS_ENABLED,NO_CAP,,,,,160840,755,0.0047,558.96,0.74,98,872.00,0.641,1.56,0,0,0.00,0,0,0.00
,B0F59X5XB6_CARD_DEAR DAD FAVORITE CHILD_Linh,PORTFOLIO_STATUS_ENABLED,NO_CAP,,,,,322358,2398,0.0074,2402.59,1.00,332,3760.00,0.639,1.565,0,0,0.00,0,0,0.00
,B0CZDV6J3V_COFFEE GLASS_A WELL-READ WOMAN_THILE,PORTFOLIO_STATUS_ENABLED,NO_CAP,,,,,576587,4336,0.0075,6040.42,1.39,570,9467.25,0.638,1.5673,0,0,0.00,0,0,0.00
,B0D1K731RT_COFFEE GLASS_IN MY GIRL MOM ERA_Linh,PORTFOLIO_STATUS_ENABLED,NO_CAP,,,,,591424,4871,0.0082,8813.74,1.81,810,13851.56,0.6363,1.5716,0,0,0.00,0,0,0.00
,x B0CM5QBW1Z_WINE GLASS_LIMITED EDITION 1974,PORTFOLIO_STATUS_ENABLED,NO_CAP,,,,,2293940,7680,0.0033,13931.47,1.81,1058,22055.01,0.6317,1.5831,0,0,0.00,0,0,0.00
,x B0CDLQQR6L_TUMBLER 20_WEIRD BEING OLD PEOPLE NAVY,PORTFOLIO_STATUS_ENABLED,NO_CAP,,,,,2905889,3643,0.0013,5768.57,1.58,465,9176.51,0.6286,1.5908,0,0,0.00,0,0,0.00
,x B0BZVBXMSH_COFFEE GLASS_COWORKER,PORTFOLIO_STATUS_ENABLED,NO_CAP,,,,,1391378,5218,0.0038,6084.07,1.17,533,9680.30,0.6285,1.5911,0,0,0.00,0,0,0.00
,B0DLVSLFY6_ORNAMENT_IN MY GIRL MOM ERA CERAMIC_Linh,PORTFOLIO_STATUS_ENABLED,NO_CAP,,,,,410389,805,0.002,1638.13,2.03,206,2606.81,0.6284,1.5913,0,0,0.00,0,0,0.00
,B0D5YHG24C_TUMBLER 12_IN MY FIFTIES ERA_NGAN,PORTFOLIO_STATUS_ENABLED,NO_CAP,,,,,1601774,2069,0.0013,4298.98,2.08,375,6858.98,0.6268,1.5955,0,0,0.00,0,0,0.00
,B0CXXG46HR_TUMBLER 14OZ_MY FAVORITE CHILD + DAD NUTRITION NAVY_THILE,PORTFOLIO_STATUS_ENABLED,NO_CAP,,,,,198730,1308,0.0066,2353.57,1.80,197,3756.72,0.6265,1.5962,0,0,0.00,0,0,0.00
,B0DJZ5B6YZ_ORNAMENT_LOVE YOU DAD GLASS_NGAN,PORTFOLIO_STATUS_ENABLED,NO_CAP,,,,,435037,1648,0.0038,3063.61,1.86,400,4895.40,0.6258,1.5979,0,0,0.00,0,0,0.00
,B0F59X7WSH_CARD_SON_Linh,PORTFOLIO_STATUS_ENABLED,NO_CAP,,,,,457189,3435,0.0075,3062.26,0.89,388,4924.28,0.6219,1.6081,0,0,0.00,0,0,0.00
,B0DYDZFRZD_TUMBLER 20_BIG HEART LITTLE MINDS + TEACHER NUTRITION_NGAN,PORTFOLIO_STATUS_ENABLED,NO_CAP,,,,,821066,4040,0.0049,7741.73,1.92,447,12472.50,0.6207,1.6111,0,0,0.00,0,0,0.00
,B0B9SF2R4R_COFFEE GLASS_MAMA NEED A COFFEE_Linh,PORTFOLIO_STATUS_ENABLED,NO_CAP,,,,,5602811,19012,0.0034,26798.33,1.41,2596,43361.21,0.618,1.6181,0,0,0.00,0,0,0.00
,B0D9L8P1XL_CANDLE_I HATE EVERYONE EXCEPT US GLASS_TRINH,PORTFOLIO_STATUS_ENABLED,NO_CAP,,,,,554399,4709,0.0085,5707.12,1.21,508,9285.94,0.6146,1.6271,0,0,0.00,0,0,0.00
,B0DCJM56W3_COFFEE GLASS_MOM EST 2025_TRINH,PORTFOLIO_STATUS_ENABLED,NO_CAP,,,,,965360,6138,0.0064,10595.94,1.73,982,17278.02,0.6133,1.6306,0,0,0.00,0,0,0.00
,x B0B9SKGQWF_COFFEE GLASS_YOU GOT THIS,PORTFOLIO_STATUS_ENABLED,NO_CAP,,,,,1729962,6217,0.0036,8876.68,1.43,790,14548.30,0.6102,1.6389,0,0,0.00,0,0,0.00
,x B0CKYM1F5V_BEER GLASS_OLD LIVE  MATTER_THILE,PORTFOLIO_STATUS_ENABLED,NO_CAP,,,,,46413,231,0.005,250.38,1.08,33,411.54,0.6084,1.6437,0,0,0.00,0,0,0.00
,B0F7LJYVN5_CARD_DOG DAD_Linh,PORTFOLIO_STATUS_ENABLED,NO_CAP,,,,,815258,5672,0.007,6875.56,1.21,919,11348.73,0.6058,1.6506,0,0,0.00,0,0,0.00
,x B09B9PKM9M_TUMBLER 20_BRIDE,PORTFOLIO_STATUS_ENABLED,NO_CAP,,,,,6610744,17783,0.0027,31384.00,1.76,2158,51872.20,0.605,1.6528,0,0,0.00,0,0,0.00
,B0CDLQGPKC_TUMBLER 20_WEIRD BEING OLD PEOPLE BLACK_THILE,PORTFOLIO_STATUS_ENABLED,NO_CAP,,,,,19600938,37425,0.0019,73293.83,1.96,6014,121755.28,0.602,1.6612,0,0,0.00,0,0,0.00
,x GLASS_CAT MAMA,PORTFOLIO_STATUS_ENABLED,NO_CAP,,,,,1491264,5668,0.0038,7622.77,1.34,733,12663.40,0.602,1.6613,0,0,0.00,0,0,0.00
,x B0B7N8PWN3_TUMBLER 20_21 WITH 29 YEARS EXPERIENCE BLACK,PORTFOLIO_STATUS_ENABLED,NO_CAP,,,,,4311128,5678,0.0013,10232.82,1.80,776,17008.98,0.6016,1.6622,0,0,0.00,0,0,0.00
,B07Y7ZQ265_TUMBLER 12_MAMASAURUS ROSE GOLD_Linh,PORTFOLIO_STATUS_ENABLED,NO_CAP,,,,,56461014,150355,0.0027,230618.64,1.53,18948,385480.53,0.5983,1.6715,1,1,19.98,1,0,0.00
,x B0B4255CBQ_COFFEE GLASS_VINTAGE 1992,PORTFOLIO_STATUS_ENABLED,NO_CAP,,,,,1247631,4877,0.0039,9816.92,2.01,790,16515.48,0.5944,1.6823,0,0,0.00,0,0,0.00
,B0F189PXWB_TUMBLER 12_EVERY SIP TASTES LIKE RETIRED 2025_Linh,PORTFOLIO_STATUS_ENABLED,NO_CAP,,,,,457881,2894,0.0063,5784.69,2.00,470,9737.48,0.5941,1.6833,0,0,0.00,0,0,0.00
,B0BRB6NJCT_COFFEE GLASS_YOU ARE DEAD TO US_TRINH,PORTFOLIO_STATUS_ENABLED,NO_CAP,,,,,4110603,38939,0.0095,38481.69,0.99,3387,65123.98,0.5909,1.6923,0,0,0.00,0,0,0.00
,x B0978YSWP3_TUMBLER 20_OTHER SISTERS WHITE,PORTFOLIO_STATUS_ENABLED,NO_CAP,,,,,7136401,28639,0.004,38170.32,1.33,3085,64737.93,0.5896,1.696,0,0,0.00,0,0,0.00
,x B09TT1GGMM_TUMBLER 20_YOU ARE AWESOME WHITE BLUE,PORTFOLIO_STATUS_ENABLED,NO_CAP,,,,,13358895,33642,0.0025,47491.86,1.41,3208,80601.33,0.5892,1.6972,0,0,0.00,0,0,0.00
,B0D2NSHWZK_COFFEE GLASS_IN MY GODMOTHER ERA NGAN,PORTFOLIO_STATUS_ENABLED,NO_CAP,,,,,581695,4850,0.0083,7434.44,1.53,699,12717.95,0.5846,1.7107,0,0,0.00,0,0,0.00
,B0D6NQ8KL6_TOTE BAG_BORN TO READ FORCED TO WORK_THILE,PORTFOLIO_STATUS_ENABLED,NO_CAP,,,,,829287,3109,0.0037,4341.34,1.40,427,7479.05,0.5805,1.7228,0,0,0.00,0,0,0.00
,x B0CXXN8G72_TUMBLER 20_VINTAGE 1949 WEIRD BEING OLD PEOPLE NAVY,PORTFOLIO_STATUS_ENABLED,NO_CAP,,,,,123246,283,0.0023,466.53,1.65,47,804.24,0.5801,1.7239,0,0,0.00,0,0,0.00
,x B0BP7QTHL6_COFFEE GLASS_VINTAGE 1983,PORTFOLIO_STATUS_ENABLED,NO_CAP,,,,,1527750,4893,0.0032,8564.50,1.75,874,14766.27,0.58,1.7241,0,0,0.00,0,0,0.00
,x B0CM5SQT4T_WINE GLASS_LIMITED EDITION 1964,PORTFOLIO_STATUS_ENABLED,NO_CAP,,,,,1625389,6965,0.0043,14222.29,2.04,1182,24547.40,0.5794,1.726,0,0,0.00,0,0,0.00
,x B07PKPK9K3_WISE WOMAN,PORTFOLIO_STATUS_ENABLED,NO_CAP,,,,,266791,1210,0.0045,1103.59,0.91,154,1917.56,0.5755,1.7376,0,0,0.00,0,0,0.00
,B0CHJ3W9SQ_TUMBLER 20_WORK BESTIE + WORK BESTIE NUTRITION WHITE_THILE,PORTFOLIO_STATUS_ENABLED,NO_CAP,,,,,1595472,8950,0.0056,9675.89,1.08,815,16847.17,0.5743,1.7411,0,0,0.00,0,0,0.00
,x B08R8P65YM_TUMBLER 12_GRANDMASAURUS ROSE GOLD,PORTFOLIO_STATUS_ENABLED,NO_CAP,,,,,9850661,22662,0.0023,39933.55,1.76,3304,69539.37,0.5743,1.7414,0,0,0.00,0,0,0.00
,B09XDFF8FF_TUMBLER 20_YOU ARE DEAD TO US BLACK_NGAN,PORTFOLIO_STATUS_ENABLED,NO_CAP,,,,,6887009,55826,0.0081,68834.74,1.23,5284,120577.53,0.5709,1.7517,0,0,0.00,0,0,0.00
,x B0BYDG9D83_COFFEE GLASS_HELLO GORGEOUS,PORTFOLIO_STATUS_ENABLED,NO_CAP,,,,,165636,754,0.0046,633.87,0.84,84,1111.28,0.5704,1.7532,0,0,0.00,0,0,0.00
,x B0BPXZJSW1_COFFEE GLASS_SIDE BY SIDE SISTER,PORTFOLIO_STATUS_ENABLED,NO_CAP,,,,,2933532,17748,0.0061,22263.48,1.25,2233,39223.04,0.5676,1.7618,0,0,0.00,0,0,0.00
,B0BRCG7S9H_COFFEE GLASS_DOG MAMA_THILE,PORTFOLIO_STATUS_ENABLED,NO_CAP,,,,,4121094,12624,0.0031,19411.07,1.54,2048,34237.36,0.567,1.7638,0,0,0.00,0,0,0.00
,B094CFGN42_TUMBLER 20_GRANDPASAURUS BLACK_Linh,PORTFOLIO_STATUS_ENABLED,NO_CAP,,,,,11736782,31106,0.0027,64221.91,2.06,5213,113285.85,0.5669,1.764,0,0,0.00,0,0,0.00
,B0C1BYB4SH_COFFEE GLASS_DAISY_TRINH,PORTFOLIO_STATUS_ENABLED,NO_CAP,,,,,3655901,18060,0.0049,10035.51,0.56,951,17806.64,0.5636,1.7744,0,0,0.00,0,0,0.00
,x B08R8SSBWV_TUMBLER 12_RETIREMENT WEEKLY ROSE GOLD,PORTFOLIO_STATUS_ENABLED,NO_CAP,,,,,7983152,19475,0.0024,26002.24,1.34,2285,46193.33,0.5629,1.7765,0,0,0.00,0,0,0.00
,B0DLVSQM66_ORNAMENT_JUST ONE MORE CHAPTER GLASS_Linh,PORTFOLIO_STATUS_ENABLED,NO_CAP,,,,,380074,1326,0.0035,2315.30,1.75,317,4136.25,0.5598,1.7865,0,0,0.00,0,0,0.00
,B0CWTR4RFZ_TUMBLER 20_COOL AUNT CLUB + AUNTIE NUTRITION_Linh,PORTFOLIO_STATUS_ENABLED,NO_CAP,,,,,110220,473,0.0043,847.22,1.79,87,1519.26,0.5577,1.7932,0,0,0.00,0,0,0.00
,B0F2TF1PWV_CARD_DOG MOM_Linh,PORTFOLIO_STATUS_ENABLED,NO_CAP,,,,,116174,808,0.007,958.46,1.19,178,1734.90,0.5525,1.8101,0,0,0.00,0,0,0.00
,x B0DLV94K7D_ORNAMENT_COOL MOM CLUB CERAMIC_Linh,PORTFOLIO_STATUS_ENABLED,NO_CAP,,,,,181073,489,0.0027,948.07,1.94,131,1717.00,0.5522,1.811,0,0,0.00,0,0,0.00
,B0D1GHNG9D_COFFEE GLASS_IN MY TEACHER ERA + NUTITION FACTS_NGAN,PORTFOLIO_STATUS_ENABLED,NO_CAP,,,,,1014957,8496,0.0084,12430.26,1.46,1095,22517.51,0.552,1.8115,0,0,0.00,0,0,0.00
,x B0D7MXCGWM_ORNAMENT_NATIVITY SCENE,PORTFOLIO_STATUS_ENABLED,NO_CAP,,,,,186238,1322,0.0071,1375.85,1.04,133,2506.81,0.5488,1.822,0,0,0.00,0,0,0.00
,B0CKYM9HQW_COFFEE GLASS_VINTAGE 1994 + BACK IN 1994,PORTFOLIO_STATUS_ENABLED,NO_CAP,,,,,1220280,13570,0.0111,18862.98,1.39,1894,34437.71,0.5477,1.8257,0,0,0.00,0,0,0.00
,B0D79751XN_TUMBLER 12_IN MY THIRTIES ERA ROSE GOLD_Linh,PORTFOLIO_STATUS_ENABLED,NO_CAP,,,,,173271,403,0.0023,845.33,2.10,84,1543.37,0.5477,1.8258,0,0,0.00,0,0,0.00
,B0CRVTN11L_COFFEE GLASS_IN MY BOY MOM ERA_Linh,PORTFOLIO_STATUS_ENABLED,NO_CAP,,,,,8614749,62381,0.0072,97094.19,1.56,10041,178048.91,0.5453,1.8338,0,0,0.00,0,0,0.00
,B0BRCCZLL8_COFFEE GLASS_I'M GETTING MEOWIED_Linh,PORTFOLIO_STATUS_ENABLED,NO_CAP,,,,,3078064,12972,0.0042,16236.99,1.25,1697,29808.24,0.5447,1.8358,0,0,0.00,0,0,0.00
,B0CWNTN1JN_WINE GLASS_A WISE WOMAN ONCE SAID_TRINH,PORTFOLIO_STATUS_ENABLED,NO_CAP,,,,,1633920,10328,0.0063,14702.54,1.42,1291,27029.09,0.544,1.8384,0,0,0.00,0,0,0.00
,B0F2TD7W6G_CARD_CAT MOM_Linh,PORTFOLIO_STATUS_ENABLED,NO_CAP,,,,,372614,2011,0.0054,2401.35,1.19,430,4421.52,0.5431,1.8413,0,0,0.00,0,0,0.00
,B0BRCJ5VYH_COFFEE GLASS_CAT MAMA_THILE,PORTFOLIO_STATUS_ENABLED,NO_CAP,,,,,3439871,11677,0.0034,14775.72,1.27,1610,27285.49,0.5415,1.8466,0,0,0.00,0,0,0.00
,B0DM61B4F2_TUMBLER 20_40 & FABULOUS + MAKING 1985_Linh,PORTFOLIO_STATUS_ENABLED,NO_CAP,,,,,1113775,4474,0.004,8504.72,1.90,724,15730.91,0.5406,1.8497,0,0,0.00,0,0,0.00
,x B0BYHP62T5_CANDLE_THANK YOU FOR BEING MY UNPAID THERAPIST,PORTFOLIO_STATUS_ENABLED,NO_CAP,,,,,246424,830,0.0034,1106.35,1.33,117,2048.54,0.5401,1.8516,0,0,0.00,0,0,0.00
,B0DGGDX9P5_COFFEE GLASS_VINTAGE 1985 + BACK IN 1985_NGAN,PORTFOLIO_STATUS_ENABLED,NO_CAP,,,,,1073629,12192,0.0114,19360.89,1.59,1961,35900.25,0.5393,1.8543,0,0,0.00,0,0,0.00
,x B0DK16RQ6J_ORNAMENT_THANKS FOR BEING MY PERSON GLASS_Linh,PORTFOLIO_STATUS_ENABLED,NO_CAP,,,,,165108,1544,0.0094,2002.04,1.30,365,3712.36,0.5393,1.8543,0,0,0.00,0,0,0.00
,B0CRDFWF44_TUMBLER 20_THAT WHAT I DO I FIX STUFF BLACK_Linh,PORTFOLIO_STATUS_ENABLED,NO_CAP,,,,,3791220,14957,0.0039,23852.25,1.59,2320,44238.62,0.5392,1.8547,0,0,0.00,0,0,0.00
,x B07W5KH9PJ_TUMBLER 12_I'D WALK THROUGH FIRE FOR YOU SISTER ROSE GOLD,PORTFOLIO_STATUS_ENABLED,NO_CAP,,,,,9329311,46853,0.005,40349.71,0.86,3755,74905.00,0.5387,1.8564,0,0,0.00,0,0,0.00
,B0DHC2C1S4_HAT_TRUCKER HAT 1975_NGUYEN,PORTFOLIO_STATUS_ENABLED,NO_CAP,,,,,1480351,5605,0.0038,12900.40,2.30,1099,23950.35,0.5386,1.8566,0,0,0.00,0,0,0.00
,B0CHFFN9KD_TUMBLER 20_JUST ONE MORE CHAPTER WHITE_THILE,PORTFOLIO_STATUS_ENABLED,NO_CAP,,,,,988190,3257,0.0033,4622.97,1.42,429,8588.59,0.5383,1.8578,0,0,0.00,0,0,0.00
,B08ZYGT8SH_APRON_WHATEVER HAPPENS_Linh,PORTFOLIO_STATUS_ENABLED,NO_CAP,,,,,15523824,85946,0.0055,86891.32,1.01,8286,162361.24,0.5352,1.8686,0,0,0.00,0,0,0.00
,B0BYDBW7PH_COFFEE GLASS_NURSE FUEL THILE,PORTFOLIO_STATUS_ENABLED,NO_CAP,,,,,1491695,5812,0.0039,6612.54,1.14,666,12459.96,0.5307,1.8843,0,0,0.00,0,0,0.00
,B0CY4G9VSR_HAT_DON'T BE A DUMB BASS_NGAN,PORTFOLIO_STATUS_ENABLED,NO_CAP,,,,,2845138,11837,0.0042,14545.75,1.23,1327,27411.04,0.5307,1.8845,0,0,0.00,0,0,0.00
,B0CYPWBV21_COFFEE GLASS_IN MY FORTIES ERA_NGAN,PORTFOLIO_STATUS_ENABLED,NO_CAP,,,,,1769424,5355,0.003,10696.14,2.00,1236,20212.94,0.5292,1.8897,0,0,0.00,0,0,0.00
,B0C23Y5ZYH_COFFEE GLASS_FREAKING PENGUINS_TRINH,PORTFOLIO_STATUS_ENABLED,NO_CAP,,,,,398933,2124,0.0053,2326.03,1.10,225,4402.28,0.5284,1.8926,0,0,0.00,0,0,0.00
,B0CJLM3SV5_TUMBLER 20_AWESOME LIKE MY DAUGHTER BLACK_THILE,PORTFOLIO_STATUS_ENABLED,NO_CAP,,,,,4914295,20443,0.0042,34638.33,1.69,3238,65798.89,0.5264,1.8996,0,0,0.00,0,0,0.00
,x B0DLVRTFN9_ORNAMENT_IN MY GODMOTHER ERA CERAMIC_Linh,PORTFOLIO_STATUS_ENABLED,NO_CAP,,,,,99957,592,0.0059,1014.90,1.71,162,1938.24,0.5236,1.9098,0,0,0.00,0,0,0.00
,B0D831XY4Y_CANDLE_FINALLY RETIRED_NGUYEN,PORTFOLIO_STATUS_ENABLED,NO_CAP,,,,,685989,5242,0.0076,6712.00,1.28,760,12823.41,0.5234,1.9105,0,0,0.00,0,0,0.00
,x B08R8P896F_TUMBLER 12_AUNTIESAURUS LIKE A NORMAL AUNT ROSE GOLD,PORTFOLIO_STATUS_ENABLED,NO_CAP,,,,,5974993,15801,0.0026,25096.44,1.59,2370,48383.78,0.5187,1.9279,0,0,0.00,0,0,0.00
,x B08R8NVFHH_TUMBLER 12_FINALLY 21 ROSE GOLD,PORTFOLIO_STATUS_ENABLED,NO_CAP,,,,,11874369,9479,0.0008,14534.27,1.53,1434,28086.10,0.5175,1.9324,0,0,0.00,0,0,0.00
,B0DH87FYNN_TUMBLER 20_VINTAGE 1965 WEIRD BEING OLD PEOPLE NAVY_TRINH,PORTFOLIO_STATUS_ENABLED,NO_CAP,,,,,2170511,7635,0.0035,15403.88,2.02,1499,29836.64,0.5163,1.937,0,0,0.00,0,0,0.00
,B0CJLF7CW6_TUMBLER 20_AWESOME LIKE MY DAUGHTER NAVY_NGUYEN,PORTFOLIO_STATUS_ENABLED,NO_CAP,,,,,2921606,9419,0.0032,17772.60,1.89,1838,34446.63,0.5159,1.9382,0,0,0.00,0,0,0.00
,B0DHC932W2_HAT_TRUCKER HAT 1985_THILE,PORTFOLIO_STATUS_ENABLED,NO_CAP,,,,,931189,5465,0.0059,11721.37,2.14,1044,22832.26,0.5134,1.9479,0,0,0.00,0,0,0.00
,B0CG8NHNWF_TUMBLER 20_MY FAVORITE CHILD + MOM NUTRITION WHITE_Linh,PORTFOLIO_STATUS_ENABLED,NO_CAP,,,,,3481029,17913,0.0051,27794.05,1.55,2598,54958.01,0.5057,1.9773,0,0,0.00,0,0,0.00
,x B0B7M62T24 - 21 WITH 19 12OZ,PORTFOLIO_STATUS_ENABLED,NO_CAP,,,,,9090111,12909,0.0014,19985.23,1.55,1940,39596.04,0.5047,1.9813,0,0,0.00,0,0,0.00
,B095S1818R_TUMBLER 20_RETIREMENT WEEKLY WHITE,PORTFOLIO_STATUS_ENABLED,NO_CAP,,,,,8786770,30064,0.0034,39724.83,1.32,3388,78745.09,0.5045,1.9823,0,0,0.00,0,0,0.00
,x B0DJY2BVJB_ORNAMENT_THANK YOU FABULOUS FRIEND GLASS,PORTFOLIO_STATUS_ENABLED,NO_CAP,,,,,370269,5737,0.0155,7118.01,1.24,818,14172.06,0.5023,1.991,0,0,0.00,0,0,0.00
,x B08R8R7T36_TUMBLER 12_BRIDE WHITE,PORTFOLIO_STATUS_ENABLED,NO_CAP,,,,,19080754,34155,0.0018,51038.63,1.49,4901,101704.89,0.5018,1.9927,0,0,0.00,0,0,0.00
,B0DHCGTL3R_TUMBLER 20_VINTAGE 1955 + WEIRD BEING NAVY_THILE,PORTFOLIO_STATUS_ENABLED,NO_CAP,,,,,924789,3733,0.004,6791.72,1.82,638,13559.27,0.5009,1.9964,0,0,0.00,0,0,0.00
,B0CM5R5BDX_TUMBLER 20_AWESOME LIKE MY DAUGHTER + DAD NUTRITION BLACK_Linh,PORTFOLIO_STATUS_ENABLED,NO_CAP,,,,,266920,960,0.0036,1549.76,1.61,162,3101.77,0.4996,2.0015,0,0,0.00,0,0,0.00
,B0978WGWY4_TUMBLER 20_YOU ARE AWESOME BLACK_THILE,PORTFOLIO_STATUS_ENABLED,NO_CAP,,,,,33022735,105579,0.0032,147489.16,1.40,12668,295271.94,0.4995,2.002,0,0,0.00,0,0,0.00
,B0DK15Y5WB_ORNAMENT_THANK YOU TEACHER CERAMIC NGAN,PORTFOLIO_STATUS_ENABLED,NO_CAP,,,,,135072,1799,0.0133,2289.21,1.27,237,4595.89,0.4981,2.0076,0,0,0.00,0,0,0.00
,B0DH7X6R1J_TUMBLER 20_50 & FABULOUS + MAKING 1975_NGAN,PORTFOLIO_STATUS_ENABLED,NO_CAP,,,,,2287043,10998,0.0048,19991.19,1.82,1821,40271.62,0.4964,2.0145,0,0,0.00,0,0,0.00
,x B089QCCX8H_TUMBLER 12_WE'RE TOGETHER ROSE GOLD,PORTFOLIO_STATUS_ENABLED,NO_CAP,,,,,2850146,11118,0.0039,8769.37,0.79,729,17699.50,0.4955,2.0183,0,0,0.00,0,0,0.00
,B0C9BZRC4K_COFFEE GLASS_COOL MOM CLUB_NGUYEN,PORTFOLIO_STATUS_ENABLED,NO_CAP,,,,,12392934,56320,0.0045,88222.58,1.57,9487,178206.09,0.4951,2.02,0,0,0.00,0,0,0.00
,B0C9C5VX7S_COFFEE GLASS_COOL SISTER CLUB_THILE,PORTFOLIO_STATUS_ENABLED,NO_CAP,,,,,7657999,28212,0.0037,48529.49,1.72,4997,100288.07,0.4839,2.0665,0,0,0.00,0,0,0.00
,B0CXXJ751C_COFFEE GLASS_WORK BESTIE + WORK BESTIE NUTRITION WHITE_Linh,PORTFOLIO_STATUS_ENABLED,NO_CAP,,,,,634242,7785,0.0123,8724.99,1.12,958,18039.42,0.4837,2.0676,0,0,0.00,0,0,0.00
,B0DH83T7MF_TUMBLER 20_VINTAGE 1975 + WEIRD BEING OLD PEOPLE BLACK_NGUYEN,PORTFOLIO_STATUS_ENABLED,NO_CAP,,,,,262067,1106,0.0042,2327.76,2.10,235,4826.75,0.4823,2.0736,0,0,0.00,0,0,0.00
,x B0BP67M8BD_COFFEE GLASS_VINTAGE 1993,PORTFOLIO_STATUS_ENABLED,NO_CAP,,,,,2158156,6188,0.0029,10076.60,1.63,1160,21052.76,0.4786,2.0893,0,0,0.00,0,0,0.00
,x B0CT8NQBN5_TUMBLER 20_VINTAGE 1954 + WEIRD BEING OLD PEOPLE NAVY,PORTFOLIO_STATUS_ENABLED,NO_CAP,,,,,1742110,5637,0.0032,11117.84,1.97,1143,23255.27,0.4781,2.0917,0,0,0.00,0,0,0.00
,x B0CKYKPBNV_COFFEE GLASS_MOM EST 2024,PORTFOLIO_STATUS_ENABLED,NO_CAP,,,,,62038,392,0.0063,531.53,1.36,62,1117.08,0.4758,2.1016,0,0,0.00,0,0,0.00
,B08CDFWN1Q_APRON_COLD BEER_Linh,PORTFOLIO_STATUS_ENABLED,NO_CAP,,,,,18106122,35231,0.0019,43924.61,1.25,4041,93008.64,0.4723,2.1175,0,0,0.00,0,0,0.00
,B0F2TDMHFC_CARD_MAMASAURUS_Linh,PORTFOLIO_STATUS_ENABLED,NO_CAP,,,,,673745,3519,0.0052,3327.41,0.95,698,7057.55,0.4715,2.121,0,0,0.00,0,0,0.00
,B09792XF8F_TUMBLER 20_BROTHER  BLACK_THILE,PORTFOLIO_STATUS_ENABLED,NO_CAP,,,,,11577980,26185,0.0023,46686.69,1.78,4219,99336.80,0.47,2.1277,0,0,0.00,0,0,0.00
,B0DH7YGD9Q_TUMBLER 20_VINTAGE 1975 + WEIRD BEING OLD PEOPLE NAVY_Linh,PORTFOLIO_STATUS_ENABLED,NO_CAP,,,,,4133788,20868,0.005,47329.79,2.27,4817,100934.33,0.4689,2.1326,0,0,0.00,0,0,0.00
,B09XXP5V2W_TUMBLER 20_QUITTER BLACK_TRINH,PORTFOLIO_STATUS_ENABLED,NO_CAP,,,,,11301013,43897,0.0039,60722.75,1.38,5798,129775.48,0.4679,2.1372,0,0,0.00,0,0,0.00
,B0CJ2CNDQT_COFFEE GLASS_COOL AUNT CLUB + AUNTIE NUTRITION_NGAN,PORTFOLIO_STATUS_ENABLED,NO_CAP,,,,,916736,7599,0.0083,11472.74,1.51,1252,24590.09,0.4666,2.1433,0,0,0.00,0,0,0.00
,B0CY4MC1GJ_TUMBLER 20_DON'T BE A DUMB BASS BLACK_Linh,PORTFOLIO_STATUS_ENABLED,NO_CAP,,,,,2504272,12373,0.0049,19205.90,1.55,1955,41425.50,0.4636,2.1569,0,0,0.00,0,0,0.00
,B0C23XHCN1_COFFEE GLASS_NOPE NOT TODAY_TRINH,PORTFOLIO_STATUS_ENABLED,NO_CAP,,,,,371316,2520,0.0068,1868.54,0.74,206,4030.42,0.4636,2.157,0,0,0.00,0,0,0.00
,x B0C9C2TTSR_COFFEE GLASS_ABSOLUTE LEGENDS,PORTFOLIO_STATUS_ENABLED,NO_CAP,,,,,355560,730,0.0021,928.42,1.27,111,2011.74,0.4615,2.1668,0,0,0.00,0,0,0.00
,B0CZRZTBMT_TUMBLER 20_COOL DAD CLUB BLACK_NGAN,PORTFOLIO_STATUS_ENABLED,NO_CAP,,,,,878630,1614,0.0018,3059.30,1.90,359,6632.14,0.4613,2.1679,0,0,0.00,0,0,0.00
,B0DK16MCXG_ORNAMENT_FRIEND WE MEET CERAMIC_Linh,PORTFOLIO_STATUS_ENABLED,NO_CAP,,,,,578125,4887,0.0085,6411.27,1.31,748,13964.89,0.4591,2.1782,0,0,0.00,0,0,0.00
,x B0CKYN27VS_COFFEE GLASS_VINTAGE 1984 + BACK IN 1984,PORTFOLIO_STATUS_ENABLED,NO_CAP,,,,,2199940,17617,0.008,29012.88,1.65,3195,63359.98,0.4579,2.1839,0,0,0.00,0,0,0.00
,B09XDFLNR8_TUMBLER 20_WISE WOMEN WHITE BLUE_Linh,PORTFOLIO_STATUS_ENABLED,NO_CAP,,,,,12722216,40062,0.0031,51957.36,1.30,5114,113537.60,0.4576,2.1852,0,0,0.00,0,0,0.00
,B0DHCFTYVW_TUMBLER 20_VINTAGE 1965 WEIRD BEING BLACK_NGUYEN,PORTFOLIO_STATUS_ENABLED,NO_CAP,,,,,66695,293,0.0044,535.48,1.83,56,1170.84,0.4573,2.1865,0,0,0.00,0,0,0.00
,B0DH7PQ1RX_TUMBLER 20_VINTAGE 1985 WEIRD BEING OLD PEOPLE BLACK_NGUYEN,PORTFOLIO_STATUS_ENABLED,NO_CAP,,,,,134190,354,0.0026,629.43,1.78,73,1380.37,0.456,2.193,0,0,0.00,0,0,0.00
,B0CQJZP6TK_COFFEE GLASS_IN MY AUNTIE ERA + AUNTIE NUTRITION_THILE,PORTFOLIO_STATUS_ENABLED,NO_CAP,,,,,2199488,20641,0.0094,28898.84,1.40,3285,63770.62,0.4532,2.2067,0,0,0.00,0,0,0.00
,B0BYDDFNBD_COFFEE GLASS_JUST ONE MORE CHAPTER_THILE,PORTFOLIO_STATUS_ENABLED,NO_CAP,,,,,4336917,24195,0.0056,23896.28,0.99,3123,52823.21,0.4524,2.2105,0,0,0.00,0,0,0.00
,x B0C2C4J7Y1_HAT_TRUCKER HAT 1973,PORTFOLIO_STATUS_ENABLED,NO_CAP,,,,,223020,1496,0.0067,4586.36,3.07,423,10213.56,0.449,2.2269,0,0,0.00,0,0,0.00
,x B0CXXGHSYH_TUMBLER 20_VINTAGE 1959 WEIRD BEING OLD PEOPLE NAVY,PORTFOLIO_STATUS_ENABLED,NO_CAP,,,,,210089,372,0.0018,603.13,1.62,75,1347.66,0.4475,2.2344,0,0,0.00,0,0,0.00
,B0C242DYT4_COFFEE GLASS_FREAKING COW_TRINH,PORTFOLIO_STATUS_ENABLED,NO_CAP,,,,,403410,2779,0.0069,2327.93,0.84,274,5217.91,0.4461,2.2414,0,0,0.00,0,0,0.00
,B0CBJR253J_COFFEE GLASS_NURSE NURSE_THILE,PORTFOLIO_STATUS_ENABLED,NO_CAP,,,,,1486429,7913,0.0053,8942.12,1.13,1259,20120.60,0.4444,2.2501,0,0,0.00,0,0,0.00
,B08R8R2LQF_TUMBLER 20_MAY THE FORTIES BE WITH YOU BLACK_TRINH,PORTFOLIO_STATUS_ENABLED,NO_CAP,,,,,27911220,43334,0.0016,80981.23,1.87,7896,182315.89,0.4442,2.2513,0,0,0.00,0,0,0.00
,B08R8SW1NM_TUMBLER 20_FIFTY THE ULTIMATE F WORD BLACK_Linh,PORTFOLIO_STATUS_ENABLED,NO_CAP,,,,,2963159,4374,0.0015,7738.38,1.77,723,17536.74,0.4413,2.2662,0,0,0.00,0,0,0.00
,x B0DJY7689G_ORNAMENT_IT TAKE A VILLAGE GLASS_Linh,PORTFOLIO_STATUS_ENABLED,NO_CAP,,,,,721864,3732,0.0052,6058.23,1.62,556,13806.52,0.4388,2.279,0,0,0.00,0,0,0.00
,x B0DK12WRBS_ORNAMENT_1ST CHRISTMAS RETIRED CERAMIC_Linh,PORTFOLIO_STATUS_ENABLED,NO_CAP,,,,,534470,5249,0.0098,8630.62,1.64,1376,19702.61,0.438,2.2829,0,0,0.00,0,0,0.00
,B0CJ2CKDR8_COFFEE GLASS_GODMOTHER_NGAN,PORTFOLIO_STATUS_ENABLED,NO_CAP,,,,,1712516,10097,0.0059,15536.90,1.54,1889,35482.39,0.4379,2.2838,0,0,0.00,0,0,0.00
,x B0CXXM1YD1_TUMBLER 20_50 & FABULOUS + MAKING THE WORLD 1974 WHITE,PORTFOLIO_STATUS_ENABLED,NO_CAP,,,,,1989516,7380,0.0037,12782.78,1.73,1516,29202.92,0.4377,2.2846,0,0,0.00,0,0,0.00
,x B08R8TGKV7_TUMBLER 20_DOG MOM WHITE,PORTFOLIO_STATUS_ENABLED,NO_CAP,,,,,1434931,4169,0.0029,6008.02,1.44,561,13780.02,0.436,2.2936,0,0,0.00,0,0,0.00
,B0F18PVLJ1_TUMBLER 20_EVERY SIP TASTES LIKE RETIRED 2025 BLACK_Linh,PORTFOLIO_STATUS_ENABLED,NO_CAP,,,,,778613,6324,0.0081,12546.60,1.98,1219,29053.04,0.4319,2.3156,0,0,0.00,0,0,0.00
,x B085DT7SXL_TUMBLER 12_TALK THIRTY TO ME ROSE GOLD,PORTFOLIO_STATUS_ENABLED,NO_CAP,,,,,17185526,23647,0.0014,30894.84,1.31,3660,71593.24,0.4315,2.3173,0,0,0.00,0,0,0.00
,B0CYS94K31_TUMBLER 12_IN MY FORTIES ERA ROSE GOLD_NGAN,PORTFOLIO_STATUS_ENABLED,NO_CAP,,,,,6574028,12943,0.002,26604.24,2.06,3313,61654.31,0.4315,2.3175,0,0,0.00,0,0,0.00
,x B0CN8ZP46N_TUMBLER 20_VINTAGE 1964 WEIRD BEING OLD PEOPLE NAVY,PORTFOLIO_STATUS_ENABLED,NO_CAP,,,,,4477576,13413,0.003,27893.95,2.08,2989,65117.15,0.4284,2.3345,0,0,0.00,0,0,0.00
,x B0CN8ZK2X8_TUMBLER 20_VINTAGE 1984 WEIRD BEING OLD PEOPLE BLACK,PORTFOLIO_STATUS_ENABLED,NO_CAP,,,,,17891,99,0.0055,164.68,1.66,24,384.51,0.4283,2.3349,0,0,0.00,0,0,0.00
,B09ZYCD6GX_TUMBLER 20_COWORKER BLUE WHITE_TRINH,PORTFOLIO_STATUS_ENABLED,NO_CAP,,,,,600428,2646,0.0044,2835.02,1.07,331,6654.49,0.426,2.3472,0,0,0.00,0,0,0.00
,B08R8PXYL6_TUMBLER 12_SIXTY FABULOUS ROSE GOLD_NGAN,PORTFOLIO_STATUS_ENABLED,NO_CAP,,,,,21676115,30437,0.0014,52092.69,1.71,5957,123715.29,0.4211,2.3749,0,0,0.00,0,0,0.00
,B0CYPT8HM7_COFFEE GLASS_IN MY THIRTIES ERA_NGAN,PORTFOLIO_STATUS_ENABLED,NO_CAP,,,,,2753148,13581,0.0049,24074.97,1.77,3340,57223.03,0.4207,2.3769,0,0,0.00,0,0,0.00
,B0DK16SMD9_ORNAMENT_THE YEAR WE GOT ENGAGED GLASS_Linh,PORTFOLIO_STATUS_ENABLED,NO_CAP,,,,,688446,5916,0.0086,9889.96,1.67,1623,23645.56,0.4183,2.3909,0,0,0.00,0,0,0.00
,B0DH86X93V_TUMBLER 20_VINTAGE 1985 WEIRD BEING OLD PEOPLE NAVY_TRINH,PORTFOLIO_STATUS_ENABLED,NO_CAP,,,,,1942876,7756,0.004,14989.15,1.93,1741,36112.39,0.4151,2.4092,0,0,0.00,0,0,0.00
,x B0DLV9CFVS_ORNAMENT_IN MY AUNTIE ERA CERAMIC_Linh,PORTFOLIO_STATUS_ENABLED,NO_CAP,,,,,120331,632,0.0053,1128.04,1.78,210,2721.73,0.4145,2.4128,0,0,0.00,0,0,0.00
,B089QFYLFB_TUMBLER 12_FIFTY FABULOUS ROSE GOLD_NGAN,PORTFOLIO_STATUS_ENABLED,NO_CAP,,,,,27199225,41216,0.0015,62039.47,1.51,7379,150519.45,0.4122,2.4262,0,0,0.00,0,0,0.00
,B0CM5RY3QS_TUMBLER 20_AWESOME LIKE MY DAUGHTER + DAD NUTRITION NAVY_Linh,PORTFOLIO_STATUS_ENABLED,NO_CAP,,,,,148998,685,0.0046,1070.33,1.56,127,2608.44,0.4103,2.437,0,0,0.00,0,0,0.00
,x B0BZW5PRZF_CANDLE_I HATE EVERYONE EXCEPT US,PORTFOLIO_STATUS_ENABLED,NO_CAP,,,,,541613,2062,0.0038,1847.48,0.90,342,4509.10,0.4097,2.4407,0,0,0.00,0,0,0.00
,B0DM63J16N_TUMBLER 20_60 & FABULOUS + MAKING 1965_THILE,PORTFOLIO_STATUS_ENABLED,NO_CAP,,,,,1732004,8094,0.0047,13761.88,1.70,1482,33652.77,0.4089,2.4454,0,0,0.00,0,0,0.00
,x B0CN92WPN9_TUMBLER 20_VINTAGE 1984 WEIRD BEING OLD PEOPLE NAVY,PORTFOLIO_STATUS_ENABLED,NO_CAP,,,,,4445934,12281,0.0028,25880.05,2.11,3059,63403.87,0.4082,2.4499,0,0,0.00,0,0,0.00
,B0CFQ4CDD5_TUMBLER 20_CHAOS COORDINATOR + YOU ARE AWESOME WHITE THILE,PORTFOLIO_STATUS_ENABLED,NO_CAP,,,,,2054426,10097,0.0049,10678.82,1.06,1105,26209.67,0.4074,2.4544,0,0,0.00,0,0,0.00
,B092HNBJT6_TUMBLER 20_COWORKER BLACK_TRINH,PORTFOLIO_STATUS_ENABLED,NO_CAP,,,,,12795222,60025,0.0047,68138.18,1.14,7772,169034.86,0.4031,2.4808,0,0,0.00,0,0,0.00
,x monica,PORTFOLIO_STATUS_ENABLED,NO_CAP,,,,,431345,2772,0.0064,1973.36,0.71,312,4925.34,0.4007,2.4959,0,0,0.00,0,0,0.00
,B097H6PJCN_TUMBLER 20_UNCLESAURUS BLACK_NGUYEN,PORTFOLIO_STATUS_ENABLED,NO_CAP,,,,,4587631,17225,0.0038,32964.96,1.91,3497,82702.11,0.3986,2.5088,0,0,0.00,0,0,0.00
,"TEST BUDGET, BID 3.1.2025",PORTFOLIO_STATUS_ENABLED,NO_CAP,,,,,3061329,13522,0.0044,14356.28,1.06,1858,36129.34,0.3974,2.5166,0,0,0.00,0,0,0.00
,B09YCTFXYV_TUMBLER 20_RETIREMENT BLACK_Linh,PORTFOLIO_STATUS_ENABLED,NO_CAP,,,,,33756,363,0.0108,557.02,1.53,69,1405.11,0.3964,2.5225,0,0,0.00,0,0,0.00
,x B0D72Z4996_ORNAMENT_MERRY CHRISTMAS BABY SEE YOU IN 2025_Linh,PORTFOLIO_STATUS_ENABLED,NO_CAP,,,,,879815,9935,0.0113,16006.00,1.61,2359,40547.41,0.3947,2.5333,0,0,0.00,0,0,0.00
,B0DH88L44J_WINE GLASS_RETIRED 2025 NOT MY PROBLEM ANYMORE_Linh,PORTFOLIO_STATUS_ENABLED,NO_CAP,,,,,3438725,26062,0.0076,41709.31,1.60,4438,107714.00,0.3872,2.5825,0,0,0.00,0,0,0.00
,B08ZRWW1W4_TUMBLER 12_WISE WOMEN ROSE GOLD_Linh,PORTFOLIO_STATUS_ENABLED,NO_CAP,,,,,27538236,77328,0.0028,122646.14,1.59,14792,324047.92,0.3785,2.6421,0,0,0.00,0,0,0.00
,B0BC8SB3Y4_COFFEE GLASS_BEST AUNT EVER_Linh,PORTFOLIO_STATUS_ENABLED,NO_CAP,,,,,3996877,14343,0.0036,21492.02,1.50,2734,57111.49,0.3763,2.6573,0,0,0.00,0,0,0.00
,B0F18CMJ3L_WHISKEY GLASS_EVERY SIP TASTES LIKE RETIRED 2025_Linh,PORTFOLIO_STATUS_ENABLED,NO_CAP,,,,,511391,4817,0.0094,8692.85,1.80,1046,23409.64,0.3713,2.693,0,0,0.00,0,0,0.00
,B0DLV7X769_ORNAMENT_COOL AUNT CLUB CERAMIC_Linh,PORTFOLIO_STATUS_ENABLED,NO_CAP,,,,,343070,1450,0.0042,2446.30,1.69,440,6615.05,0.3698,2.7041,0,0,0.00,0,0,0.00
,x B0BYCRH528_COFFEE GLASS_AUNTIE LIKE A MOM,PORTFOLIO_STATUS_ENABLED,NO_CAP,,,,,645982,4008,0.0062,4201.73,1.05,581,11395.25,0.3687,2.712,0,0,0.00,0,0,0.00
,x B0CN93LZ5M_TUMBLER 20_VINTAGE 1974 + WEIRD BEING OLD PEOPLE NAVY,PORTFOLIO_STATUS_ENABLED,NO_CAP,,,,,7512615,21996,0.0029,40946.00,1.86,5318,111486.07,0.3673,2.7228,0,0,0.00,0,0,0.00
,B0F2T4JDF7_CARD_YOU'RE AN AWESOME MOM_TRINH,PORTFOLIO_STATUS_ENABLED,NO_CAP,,,,,357180,3448,0.0097,3109.03,0.90,783,8518.43,0.365,2.7399,0,0,0.00,0,0,0.00
,x B0CM5RLDXX_HAT_TRUCKER HAT 1984,PORTFOLIO_STATUS_ENABLED,NO_CAP,,,,,1107263,5542,0.005,9952.62,1.80,1155,27820.43,0.3577,2.7953,0,0,0.00,0,0,0.00
,TEST Amz recommend,PORTFOLIO_STATUS_ENABLED,NO_CAP,,,,,13617138,45038,0.0033,28664.13,0.64,4529,80251.82,0.3572,2.7997,0,0,0.00,0,0,0.00
,x B07PCR7WNG_MUG_GOOD LUCK FINDING BETTER COWORKER THAN US,PORTFOLIO_STATUS_ENABLED,NO_CAP,,,,,1436113,5158,0.0036,4179.65,0.81,792,11888.51,0.3516,2.8444,0,0,0.00,0,0,0.00
,B0C9D2PHMH_TUMBLER 20_COOL AUNT CLUB WHITE_THILE,PORTFOLIO_STATUS_ENABLED,NO_CAP,,,,,5885960,17051,0.0029,25473.89,1.49,3356,73287.69,0.3476,2.877,0,0,0.00,0,0,0.00
,B0D7HMXCSP_CANDLE_FUNNY FAREWELL GIFTS COWORKER ESCAPING_Linh,PORTFOLIO_STATUS_ENABLED,NO_CAP,,,,,2606467,19359,0.0074,17939.23,0.93,2212,52117.19,0.3442,2.9052,0,0,0.00,0,0,0.00
,B0BYCT1SRJ_COFFEE GLASS_COOL AUNT CLUB_NGAN,PORTFOLIO_STATUS_ENABLED,NO_CAP,,,,,7402003,42742,0.0058,58101.26,1.36,7692,169233.76,0.3433,2.9127,0,0,0.00,0,0,0.00
,x B0DLVS7R7V_ORNAMENT_1ST CHRISTMAS RETIRED 2024 GLASS,PORTFOLIO_STATUS_ENABLED,NO_CAP,,,,,134404,1606,0.0119,2829.44,1.76,562,8321.78,0.34,2.9411,0,0,0.00,0,0,0.00
,B0CQ4X98YF_TUMBLER 20_FAVORITE GRANDCHILD GRANDPA NUTRI BLACK_Linh,PORTFOLIO_STATUS_ENABLED,NO_CAP,,,,,250017,959,0.0038,1445.44,1.51,214,4256.22,0.3396,2.9446,0,0,0.00,0,0,0.00
,B0CM5T2F1V_HAT_TRUCKER HAT 1974,PORTFOLIO_STATUS_ENABLED,NO_CAP,,,,,2229850,9847,0.0044,19925.48,2.02,2438,64390.07,0.3094,3.2315,0,0,0.00,0,0,0.00
,B0CY4HY9KC_TUMBLER 20_DON'T BE A DUMB BASS NAVY_Linh,PORTFOLIO_STATUS_ENABLED,NO_CAP,,,,,305886,1145,0.0037,1525.01,1.33,223,5299.98,0.2877,3.4754,0,0,0.00,0,0,0.00
,x B0DH886R83_TUMBLER 20_VINTAGE 1945 + WEIRD BEING NAVY_Linh,PORTFOLIO_STATUS_ENABLED,NO_CAP,,,,,0,0,0,0.00,0.00,0,0.00,0,0,0,0,0.00,0,0,0.00
,B0FC6DQZCQ_CARD_GETTING ALL MARRIED AND SHIT Linh,PORTFOLIO_STATUS_ENABLED,NO_CAP,,,,,0,0,0,0.00,0.00,0,0.00,0,0,0,0,0.00,0,0,0.00
,x B0BRB5SPYZ_COFFEE GLASS_I'D SHANK ABITCH FOR YOU_Linh,PORTFOLIO_STATUS_ENABLED,NO_CAP,,,,,0,0,0,0.00,0.00,0,0.00,0,0,0,0,0.00,0,0,0.00
,"B0F13MKH7X_WINE GLASS_A WISE WOMEN ONCE SAID ""FUCK THIS SHIT""_Linh",PORTFOLIO_STATUS_ENABLED,NO_CAP,,,,,0,0,0,0.00,0.00,0,0.00,0,0,0,0,0.00,0,0,0.00
,B0CKYMNV39_CATS AND BOOK,PORTFOLIO_STATUS_ENABLED,NO_CAP,,,,,0,0,0,0.00,0.00,0,0.00,0,0,0,0,0.00,0,0,0.00
,x B0B6FR26NT_CANDLE_I'D SHANK ABITCH FOR YOU,PORTFOLIO_STATUS_ENABLED,NO_CAP,,,,,0,0,0,0.00,0.00,0,0.00,0,0,0,0,0.00,0,0,0.00
,TEST AI,PORTFOLIO_STATUS_ENABLED,NO_CAP,,,,,0,0,0,0.00,0.00,0,0.00,0,0,0,0,0.00,0,0,0.00
,B0FC5TLHKZ_CARD_SHIT SHOW SUPERVISOR,PORTFOLIO_STATUS_ENABLED,NO_CAP,,,,,0,0,0,0.00,0.00,0,0.00,0,0,0,0,0.00,0,0,0.00
,x B0BRB6C2YB_COFFEE GLASS_IS YOU 30,PORTFOLIO_STATUS_ENABLED,NO_CAP,,,,,0,0,0,0.00,0.00,0,0.00,0,0,0,0,0.00,0,0,0.00
,Launching_B0FBQZZK71_BIBLE JAR_GRANDMA_THILE,PORTFOLIO_STATUS_ENABLED,NO_CAP,,,,,0,0,0,0.00,0.00,0,0.00,0,0,0,0,0.00,0,0,0.00
,x B0DJBHB65W_CANDLE_LIFE IS TOUGH,PORTFOLIO_STATUS_ENABLED,NO_CAP,,,,,0,0,0,0.00,0.00,0,0.00,0,0,0,0,0.00,0,0,0.00
,x B0D4QG5X87_TUMBLER 20_IN MY WIFEY ERA,PORTFOLIO_STATUS_ENABLED,NO_CAP,,,,,0,0,0,0.00,0.00,0,0.00,0,0,0,0,0.00,0,0,0.00
,x COOL MOM CLUB TOTE BAG,PORTFOLIO_STATUS_ENABLED,NO_CAP,,,,,0,0,0,0.00,0.00,0,0.00,0,0,0,0,0.00,0,0,0.00
,B0DCJQ2SKV_COFFEE GLASS_MILF EST 2025_Linh,PORTFOLIO_STATUS_ENABLED,NO_CAP,,,,,0,0,0,0.00,0.00,0,0.00,0,0,0,0,0.00,0,0,0.00
,BUNDLE 2024,PORTFOLIO_STATUS_ENABLED,NO_CAP,,,,,0,0,0,0.00,0.00,0,0.00,0,0,0,0,0.00,0,0,0.00
,x B0CKYLPHSV_BEER GLASS_DAD UGLY_NGAN,PORTFOLIO_STATUS_ENABLED,NO_CAP,,,,,0,0,0,0.00,0.00,0,0.00,0,0,0,0,0.00,0,0,0.00